date,department,headcount,new_hires,terminations,absences,overtime_hours,training_hours,avg_performance_score,avg_salary_usd,engagement_score
1/1/2025,Engineering,54,0,0,1,1.6,0.7,3.53,65744.38,0.719
1/1/2025,Sales,50,0,1,1,2.7,0.8,3.57,92840.03,0.764
1/1/2025,Marketing,46,1,1,1,2.4,1.1,3.57,94452.33,0.742
1/1/2025,Finance,31,1,0,1,3.1,1.0,3.33,83648.19,0.752
1/1/2025,HR,119,1,0,1,2.6,1.0,3.55,83333.3,0.73
1/1/2025,Operations,70,0,0,1,1.8,1.0,3.41,91842.7,0.707
1/1/2025,Legal,106,0,0,1,2.3,1.0,3.62,98967.7,0.76
1/1/2025,IT,41,0,0,1,1.8,0.8,3.31,70473.94,0.727
1/1/2025,Customer_Success,48,0,0,1,2.3,1.1,3.37,95829.85,0.7
1/1/2025,Product,83,0,0,1,2.7,1.1,3.63,85944.48,0.698
1/1/2025,Data_Analytics,95,0,0,1,2.1,1.1,3.32,84446.01,0.785
1/1/2025,Supply_Chain,105,0,0,1,2.0,0.9,3.67,89885.03,0.741
1/1/2025,Quality_Assurance,30,0,1,1,2.6,1.0,3.82,91340.62,0.669
1/1/2025,Executive,43,0,0,1,2.6,1.3,3.26,73581.23,0.675
1/2/2025,Engineering,54,0,0,1,1.8,0.8,3.57,65996.46,0.819
1/2/2025,Sales,50,1,0,1,2.0,0.9,3.38,93027.48,0.774
1/2/2025,Marketing,46,0,0,1,2.3,1.0,3.86,94388.31,0.77
1/2/2025,Finance,31,0,0,1,3.6,0.8,3.67,83630.56,0.766
1/2/2025,HR,119,0,0,1,2.7,0.9,3.26,82849.51,0.727
1/2/2025,Operations,70,2,0,1,2.3,1.2,3.59,92337.54,0.73
1/2/2025,Legal,106,0,0,1,2.4,0.9,3.79,98551.82,0.676
1/2/2025,IT,41,1,0,1,3.1,1.0,3.63,69915.63,0.717
1/2/2025,Customer_Success,48,0,0,1,2.9,0.7,3.5,95802.08,0.703
1/2/2025,Product,83,0,1,1,2.4,1.0,3.54,85721.44,0.723
1/2/2025,Data_Analytics,95,1,1,1,2.3,1.1,3.74,84366.93,0.687
1/2/2025,Supply_Chain,105,0,0,1,2.1,1.0,3.15,89944.26,0.825
1/2/2025,Quality_Assurance,30,1,0,1,2.3,1.0,3.84,91169.22,0.708
1/2/2025,Executive,43,0,0,1,1.7,1.0,3.45,73774.09,0.693
1/3/2025,Engineering,54,0,0,1,2.6,1.0,3.36,65882.55,0.714
1/3/2025,Sales,50,0,0,1,1.9,1.2,3.55,93169.76,0.633
1/3/2025,Marketing,46,2,0,1,2.4,1.0,3.45,94393.36,0.794
1/3/2025,Finance,31,0,0,1,2.3,0.7,3.57,84221.42,0.642
1/3/2025,HR,119,0,0,1,2.3,1.3,3.62,83527.07,0.778
1/3/2025,Operations,70,1,0,1,2.5,0.9,3.7,91719.96,0.76
1/3/2025,Legal,106,0,0,1,2.8,0.7,3.49,98536.96,0.694
1/3/2025,IT,41,1,1,1,2.1,1.1,3.73,70498.4,0.605
1/3/2025,Customer_Success,48,1,0,1,2.1,1.1,3.18,96251.5,0.738
1/3/2025,Product,83,1,0,1,2.6,1.0,3.33,85933.39,0.711
1/3/2025,Data_Analytics,95,1,0,1,2.2,0.8,3.54,84721.54,0.721
1/3/2025,Supply_Chain,105,0,1,2,2.4,0.6,3.82,90173.97,0.724
1/3/2025,Quality_Assurance,30,1,0,1,2.7,1.1,3.55,91071.56,0.605
1/3/2025,Executive,43,0,0,1,2.5,1.2,3.54,73839.98,0.686
1/4/2025,Engineering,54,1,1,1,2.5,1.2,3.11,65530.32,0.645
1/4/2025,Sales,50,0,0,1,2.6,1.2,3.77,93043.9,0.788
1/4/2025,Marketing,46,1,0,1,2.4,1.2,3.85,94045.48,0.74
1/4/2025,Finance,31,0,1,1,2.2,0.9,3.29,83686.42,0.741
1/4/2025,HR,119,0,0,1,2.3,0.7,3.72,83062.54,0.775
1/4/2025,Operations,70,0,0,1,3.5,1.0,3.54,92232.98,0.679
1/4/2025,Legal,106,0,0,1,1.7,0.6,3.28,98700.11,0.706
1/4/2025,IT,41,0,0,1,2.3,1.0,3.53,70500.68,0.703
1/4/2025,Customer_Success,48,0,0,2,2.5,1.3,3.52,96046.25,0.717
1/4/2025,Product,83,1,0,1,3.0,1.1,3.44,86069.46,0.703
1/4/2025,Data_Analytics,95,0,0,1,1.8,1.3,3.68,84369.09,0.645
1/4/2025,Supply_Chain,104,2,0,1,1.7,1.0,3.52,90258.53,0.759
1/4/2025,Quality_Assurance,30,0,0,1,3.3,0.8,3.32,91701.8,0.711
1/4/2025,Executive,43,0,0,1,2.5,1.3,3.43,73514.57,0.698
1/5/2025,Engineering,54,0,0,1,3.2,0.5,3.35,65445.16,0.678
1/5/2025,Sales,50,0,0,1,2.6,0.8,3.64,93211.58,0.74
1/5/2025,Marketing,46,1,0,1,2.1,0.8,3.25,94157.31,0.717
1/5/2025,Finance,31,0,0,1,2.9,1.0,3.37,83956.59,0.729
1/5/2025,HR,119,0,0,1,2.6,0.7,3.77,83418.05,0.706
1/5/2025,Operations,70,0,1,1,2.8,1.4,3.27,91797.51,0.733
1/5/2025,Legal,106,1,0,1,1.8,0.9,3.4,98990.89,0.732
1/5/2025,IT,41,0,0,1,2.1,0.9,3.6,70532.18,0.742
1/5/2025,Customer_Success,48,0,0,1,1.7,1.1,3.34,95619.01,0.755
1/5/2025,Product,83,0,0,1,2.5,1.0,3.38,86073.35,0.692
1/5/2025,Data_Analytics,95,0,0,0,3.4,1.5,3.42,84094.74,0.704
1/5/2025,Supply_Chain,105,1,0,1,1.8,1.2,3.91,90317.26,0.702
1/5/2025,Quality_Assurance,30,0,1,1,2.6,0.9,3.87,91355.57,0.804
1/5/2025,Executive,43,0,0,1,2.5,1.3,3.43,73348.49,0.72
1/6/2025,Engineering,54,0,1,1,2.9,0.9,2.99,65984.83,0.733
1/6/2025,Sales,50,0,0,1,3.7,1.1,3.58,93021.49,0.761
1/6/2025,Marketing,46,1,0,1,2.3,0.9,3.66,94698.41,0.698
1/6/2025,Finance,31,0,0,1,1.3,0.8,3.35,83312.15,0.671
1/6/2025,HR,119,0,0,1,2.0,1.0,3.71,82917.48,0.673
1/6/2025,Operations,70,0,0,1,2.8,0.8,3.5,91940.14,0.66
1/6/2025,Legal,106,0,0,1,2.4,1.2,3.04,98462.71,0.674
1/6/2025,IT,41,0,1,1,2.7,1.0,3.61,70323.84,0.734
1/6/2025,Customer_Success,48,0,0,1,1.3,1.2,3.74,95679.08,0.626
1/6/2025,Product,83,1,0,1,2.0,1.0,3.44,85737.13,0.821
1/6/2025,Data_Analytics,95,0,0,1,2.9,1.1,3.75,84674.43,0.757
1/6/2025,Supply_Chain,105,0,0,1,2.2,0.8,3.84,90671.6,0.787
1/6/2025,Quality_Assurance,30,0,0,1,2.0,1.0,3.51,91096.81,0.718
1/6/2025,Executive,43,1,0,1,2.4,1.0,3.28,73689.32,0.684
1/7/2025,Engineering,54,0,0,1,2.5,1.2,3.72,66037.45,0.721
1/7/2025,Sales,50,0,0,1,3.1,1.2,3.47,92774.65,0.705
1/7/2025,Marketing,46,0,0,1,2.3,0.9,3.56,94267.66,0.733
1/7/2025,Finance,31,1,0,1,1.4,0.6,3.51,83840.34,0.713
1/7/2025,HR,119,0,0,1,1.9,0.9,3.35,82935.85,0.702
1/7/2025,Operations,70,1,1,1,2.4,1.0,3.58,92711.42,0.764
1/7/2025,Legal,106,0,1,1,2.5,1.1,3.5,98882.01,0.742
1/7/2025,IT,41,1,0,1,2.5,0.9,3.66,70070.8,0.699
1/7/2025,Customer_Success,48,0,0,1,2.8,1.0,3.12,95464.02,0.719
1/7/2025,Product,83,1,3,1,2.6,1.2,3.41,85400.81,0.634
1/7/2025,Data_Analytics,95,0,0,1,2.4,1.2,3.36,84336.9,0.744
1/7/2025,Supply_Chain,105,0,0,1,3.3,0.9,3.91,90226.83,0.655
1/7/2025,Quality_Assurance,30,1,0,1,2.2,1.2,3.73,91724.85,0.747
1/7/2025,Executive,43,0,0,1,2.5,0.9,3.47,74139.06,0.712
1/8/2025,Engineering,54,0,0,1,2.8,1.3,3.84,65881.05,0.749
1/8/2025,Sales,50,0,0,1,2.6,1.2,3.6,93334.78,0.735
1/8/2025,Marketing,46,0,1,0,1.6,1.1,3.6,94095.29,0.685
1/8/2025,Finance,31,1,0,1,3.3,1.0,3.3,83808.75,0.717
1/8/2025,HR,119,0,0,1,2.5,1.0,3.48,83187.38,0.75
1/8/2025,Operations,70,0,0,1,1.8,1.1,3.6,91639.77,0.733
1/8/2025,Legal,106,1,0,1,2.3,0.9,3.67,99143.37,0.81
1/8/2025,IT,41,0,0,1,2.5,1.0,3.66,70351.98,0.683
1/8/2025,Customer_Success,48,0,0,1,2.8,0.9,3.65,95999.95,0.658
1/8/2025,Product,83,1,0,1,2.5,0.9,3.43,86106.96,0.736
1/8/2025,Data_Analytics,95,0,0,0,2.4,0.6,3.51,84530.2,0.772
1/8/2025,Supply_Chain,105,0,0,1,2.2,1.0,3.7,90151.19,0.759
1/8/2025,Quality_Assurance,30,0,0,1,2.6,0.8,3.33,91272.22,0.748
1/8/2025,Executive,43,1,0,1,3.6,0.7,3.79,73755.88,0.741
1/9/2025,Engineering,54,0,0,1,2.4,1.2,3.38,65800.28,0.666
1/9/2025,Sales,50,1,0,1,2.3,0.7,3.32,93111.71,0.786
1/9/2025,Marketing,46,2,0,1,2.6,1.0,3.42,94041.87,0.644
1/9/2025,Finance,31,0,0,1,2.9,1.0,3.37,84108.87,0.798
1/9/2025,HR,119,1,0,1,2.8,1.1,3.28,83294.88,0.651
1/9/2025,Operations,70,0,0,1,2.3,0.8,3.46,92011.3,0.725
1/9/2025,Legal,106,0,0,1,2.7,1.0,3.35,98751.08,0.711
1/9/2025,IT,41,1,0,0,2.0,1.0,3.36,70667.8,0.711
1/9/2025,Customer_Success,48,0,0,1,2.4,1.3,3.03,95454.18,0.692
1/9/2025,Product,83,0,0,1,3.0,1.2,3.54,86184.54,0.732
1/9/2025,Data_Analytics,95,0,0,1,3.3,0.5,3.21,84263.71,0.702
1/9/2025,Supply_Chain,105,0,0,1,3.7,1.4,3.42,90195.39,0.662
1/9/2025,Quality_Assurance,30,0,0,1,1.7,0.8,3.53,91479.48,0.741
1/9/2025,Executive,43,0,0,1,2.4,0.7,3.44,73803.55,0.751
1/10/2025,Engineering,54,0,0,1,3.0,1.4,3.9,65545.28,0.673
1/10/2025,Sales,50,0,0,1,2.7,1.0,3.37,92905.26,0.685
1/10/2025,Marketing,46,0,0,1,2.3,1.0,3.36,93757.72,0.652
1/10/2025,Finance,31,0,0,1,2.5,1.3,3.58,84009.19,0.674
1/10/2025,HR,119,0,1,1,2.2,0.8,3.27,83156.63,0.735
1/10/2025,Operations,70,0,0,1,3.2,1.3,3.3,92371.18,0.694
1/10/2025,Legal,106,0,2,1,2.9,1.3,3.34,98874.09,0.684
1/10/2025,IT,41,0,0,1,2.2,1.2,3.52,70539.38,0.697
1/10/2025,Customer_Success,48,0,0,1,2.8,1.1,3.81,96245.4,0.701
1/10/2025,Product,83,0,0,1,3.3,1.1,3.46,86236.79,0.61
1/10/2025,Data_Analytics,95,0,0,1,1.9,1.0,3.9,84716.99,0.728
1/10/2025,Supply_Chain,105,1,0,1,1.7,0.9,3.27,90058.44,0.722
1/10/2025,Quality_Assurance,30,1,0,0,2.0,1.2,2.94,91315.82,0.662
1/10/2025,Executive,43,1,0,1,2.3,1.1,3.2,73986.05,0.683
1/11/2025,Engineering,54,0,0,1,3.1,1.1,3.19,65786.4,0.756
1/11/2025,Sales,50,0,1,1,3.4,1.1,3.63,93680.87,0.71
1/11/2025,Marketing,46,0,0,1,2.0,1.5,3.57,94192.79,0.767
1/11/2025,Finance,31,0,1,1,3.5,1.1,3.43,83719.48,0.699
1/11/2025,HR,119,0,0,1,2.9,0.9,3.58,82883.49,0.785
1/11/2025,Operations,70,0,0,1,2.7,0.7,3.5,92071.03,0.749
1/11/2025,Legal,106,2,0,1,2.4,0.6,3.52,99090.65,0.666
1/11/2025,IT,41,0,1,1,2.7,0.6,3.87,70497.06,0.711
1/11/2025,Customer_Success,48,1,0,1,2.2,0.9,3.64,95971.77,0.752
1/11/2025,Product,83,0,0,2,1.7,1.2,3.77,85773.98,0.83
1/11/2025,Data_Analytics,95,1,0,1,2.8,1.3,3.53,84325.83,0.761
1/11/2025,Supply_Chain,105,0,0,1,2.0,0.8,3.17,90332.05,0.715
1/11/2025,Quality_Assurance,30,1,0,1,2.7,0.7,3.79,91362.48,0.735
1/11/2025,Executive,43,0,1,1,2.7,1.0,3.42,74047.27,0.715
1/12/2025,Engineering,54,0,0,1,3.1,0.9,3.34,65913.83,0.769
1/12/2025,Sales,50,0,0,1,1.6,1.0,3.73,93056.67,0.608
1/12/2025,Marketing,46,0,0,1,2.3,1.4,3.59,94486.46,0.727
1/12/2025,Finance,31,0,0,1,1.8,1.1,3.54,83694.95,0.718
1/12/2025,HR,119,0,0,1,2.7,0.8,3.65,82871.23,0.69
1/12/2025,Operations,70,0,0,1,2.7,0.6,3.49,92442.61,0.728
1/12/2025,Legal,106,0,0,1,1.6,1.0,3.36,99105.12,0.705
1/12/2025,IT,41,1,1,1,3.0,1.3,3.46,69897.1,0.751
1/12/2025,Customer_Success,48,0,0,1,3.4,0.8,3.65,95526.21,0.673
1/12/2025,Product,83,1,0,1,3.1,0.9,3.14,85785.05,0.746
1/12/2025,Data_Analytics,95,0,0,1,2.4,0.7,3.37,84367.03,0.759
1/12/2025,Supply_Chain,105,0,1,1,1.9,0.8,3.37,90013.35,0.727
1/12/2025,Quality_Assurance,30,0,0,1,2.7,1.0,3.21,91106.04,0.722
1/12/2025,Executive,43,1,0,1,2.7,0.9,3.48,73364.2,0.604
1/13/2025,Engineering,54,0,0,1,1.9,1.0,3.36,65895.98,0.742
1/13/2025,Sales,50,1,0,1,3.0,1.2,3.22,92988.17,0.788
1/13/2025,Marketing,46,1,0,1,2.4,1.0,3.52,94205.08,0.747
1/13/2025,Finance,31,1,0,1,2.5,1.2,3.74,83876.62,0.776
1/13/2025,HR,118,0,0,1,1.9,0.8,3.53,83133.32,0.733
1/13/2025,Operations,70,0,0,1,2.4,0.7,3.6,91438.75,0.753
1/13/2025,Legal,106,0,0,1,2.4,0.9,3.4,99096.16,0.747
1/13/2025,IT,41,0,0,1,1.6,1.2,3.52,70888.13,0.665
1/13/2025,Customer_Success,48,0,1,1,2.4,1.1,3.36,95892.61,0.64
1/13/2025,Product,83,0,0,1,3.0,1.1,3.35,85903.28,0.644
1/13/2025,Data_Analytics,95,0,0,1,2.9,0.9,3.55,84499.37,0.764
1/13/2025,Supply_Chain,105,1,1,1,1.9,1.1,3.41,90818.53,0.632
1/13/2025,Quality_Assurance,30,1,0,0,2.6,1.3,3.41,91455.08,0.772
1/13/2025,Executive,43,1,0,1,1.9,1.0,3.38,73605.85,0.751
1/14/2025,Engineering,54,0,0,1,3.6,1.2,3.53,65608.05,0.693
1/14/2025,Sales,50,0,1,1,1.7,0.9,3.68,92746.21,0.711
1/14/2025,Marketing,46,0,0,1,2.8,0.7,3.64,94183.19,0.692
1/14/2025,Finance,31,0,0,1,2.2,0.9,3.39,84080.32,0.751
1/14/2025,HR,119,0,0,1,1.9,0.9,3.38,82899.21,0.666
1/14/2025,Operations,70,0,0,1,3.8,0.9,3.52,91693.33,0.806
1/14/2025,Legal,106,1,0,1,3.2,1.2,3.52,98247.77,0.671
1/14/2025,IT,41,0,1,1,2.9,0.7,3.49,70424.99,0.705
1/14/2025,Customer_Success,48,0,0,1,2.2,0.9,3.49,96014.54,0.704
1/14/2025,Product,83,1,1,1,2.9,0.6,3.11,86028.71,0.719
1/14/2025,Data_Analytics,95,0,2,1,1.5,1.2,3.74,84676.5,0.676
1/14/2025,Supply_Chain,105,0,3,1,1.9,1.1,3.62,90298.15,0.73
1/14/2025,Quality_Assurance,30,1,0,1,2.9,0.7,3.24,90928.26,0.722
1/14/2025,Executive,43,0,0,1,2.5,1.0,3.63,73827.83,0.686
1/15/2025,Engineering,54,1,0,1,2.0,1.3,3.71,65876.74,0.727
1/15/2025,Sales,50,1,0,1,2.2,0.9,3.26,92815.83,0.629
1/15/2025,Marketing,46,0,0,1,2.9,1.3,3.41,94381.77,0.62
1/15/2025,Finance,31,0,0,1,2.8,1.2,3.35,83578.0,0.611
1/15/2025,HR,119,0,0,1,2.3,0.8,3.39,83378.29,0.749
1/15/2025,Operations,70,2,0,1,2.7,0.9,3.61,92113.65,0.575
1/15/2025,Legal,106,0,0,1,2.3,0.7,3.28,99039.9,0.624
1/15/2025,IT,41,0,0,1,2.0,1.2,3.64,69988.18,0.699
1/15/2025,Customer_Success,48,1,1,1,2.1,0.8,3.24,95934.83,0.658
1/15/2025,Product,83,0,0,1,2.0,0.8,3.9,85979.53,0.731
1/15/2025,Data_Analytics,95,1,0,1,1.9,0.9,3.38,84568.27,0.688
1/15/2025,Supply_Chain,105,0,0,1,2.6,1.0,3.41,90459.4,0.707
1/15/2025,Quality_Assurance,30,0,0,1,2.9,0.6,3.54,91756.67,0.745
1/15/2025,Executive,43,1,0,1,2.3,1.1,3.35,73544.39,0.653
1/16/2025,Engineering,54,1,0,1,2.8,1.1,3.49,65697.52,0.83
1/16/2025,Sales,50,0,0,1,1.7,1.2,3.48,92805.19,0.78
1/16/2025,Marketing,46,0,1,1,3.4,1.0,3.5,94209.11,0.75
1/16/2025,Finance,31,0,1,1,1.8,0.7,3.62,83248.91,0.729
1/16/2025,HR,119,1,0,1,2.6,1.2,3.41,83361.46,0.669
1/16/2025,Operations,70,0,0,1,2.1,0.7,3.3,92138.36,0.746
1/16/2025,Legal,106,0,0,1,3.0,1.6,3.57,98938.4,0.696
1/16/2025,IT,41,0,0,1,3.3,1.1,3.57,70297.24,0.711
1/16/2025,Customer_Success,48,0,1,1,1.7,0.6,3.45,95926.05,0.655
1/16/2025,Product,83,0,0,1,2.7,1.1,3.27,86002.61,0.77
1/16/2025,Data_Analytics,95,0,0,1,2.8,1.0,3.62,84560.96,0.761
1/16/2025,Supply_Chain,105,1,1,1,2.6,0.7,3.36,90453.79,0.705
1/16/2025,Quality_Assurance,30,0,1,1,2.7,1.1,3.68,91441.04,0.745
1/16/2025,Executive,43,1,1,1,2.4,0.8,3.51,73716.54,0.731
1/17/2025,Engineering,54,0,0,1,2.7,1.5,3.43,65884.21,0.679
1/17/2025,Sales,50,0,0,1,3.1,1.0,3.43,93679.32,0.74
1/17/2025,Marketing,46,0,0,1,2.3,1.0,3.49,94524.58,0.678
1/17/2025,Finance,31,1,0,1,2.8,0.9,3.4,83621.35,0.784
1/17/2025,HR,119,1,0,1,2.1,0.9,3.33,82894.61,0.704
1/17/2025,Operations,70,1,0,1,2.8,0.9,3.93,92041.42,0.628
1/17/2025,Legal,106,1,0,1,3.5,1.1,3.64,98592.07,0.67
1/17/2025,IT,41,0,0,1,2.5,1.0,3.33,70246.72,0.711
1/17/2025,Customer_Success,48,0,1,1,2.7,1.1,3.41,96094.31,0.768
1/17/2025,Product,83,0,0,1,2.5,1.0,3.37,85630.69,0.723
1/17/2025,Data_Analytics,95,1,1,1,2.9,1.4,3.55,84640.56,0.666
1/17/2025,Supply_Chain,105,0,0,1,2.5,1.0,3.32,90208.72,0.78
1/17/2025,Quality_Assurance,30,0,0,1,2.2,0.7,3.35,91382.96,0.779
1/17/2025,Executive,43,1,0,1,1.8,1.1,3.55,73962.64,0.748
1/18/2025,Engineering,54,0,0,1,2.9,1.2,3.63,65766.65,0.627
1/18/2025,Sales,50,0,0,1,2.9,1.0,2.89,92766.89,0.815
1/18/2025,Marketing,46,0,0,1,3.1,1.1,3.59,94441.06,0.756
1/18/2025,Finance,31,0,0,1,3.1,1.3,3.42,84095.09,0.766
1/18/2025,HR,120,1,0,1,2.1,0.4,3.42,83220.29,0.694
1/18/2025,Operations,70,0,1,1,2.6,1.3,3.51,92100.97,0.739
1/18/2025,Legal,106,0,0,1,2.7,1.3,3.73,98807.7,0.601
1/18/2025,IT,41,1,0,1,2.0,0.7,3.55,70357.61,0.695
1/18/2025,Customer_Success,48,1,0,1,3.2,1.0,3.09,95869.85,0.76
1/18/2025,Product,83,0,0,1,2.8,1.1,3.62,85958.34,0.729
1/18/2025,Data_Analytics,95,0,0,1,3.2,1.3,3.81,84306.32,0.702
1/18/2025,Supply_Chain,105,0,0,1,2.3,0.8,3.66,90027.64,0.707
1/18/2025,Quality_Assurance,30,0,1,1,2.2,1.0,3.48,91332.75,0.76
1/18/2025,Executive,43,0,0,1,1.6,1.1,3.72,73712.78,0.623
1/19/2025,Engineering,54,0,0,1,2.0,0.9,3.47,65672.76,0.749
1/19/2025,Sales,50,0,0,1,2.0,0.6,3.56,92978.49,0.602
1/19/2025,Marketing,46,0,0,1,1.8,1.2,3.77,94189.91,0.689
1/19/2025,Finance,31,1,0,1,2.3,1.0,3.73,84306.68,0.69
1/19/2025,HR,119,0,0,1,2.0,1.0,3.45,82921.52,0.67
1/19/2025,Operations,70,0,1,1,2.0,1.2,3.67,92580.53,0.702
1/19/2025,Legal,106,2,0,1,2.1,0.9,3.52,99032.82,0.69
1/19/2025,IT,41,0,0,1,2.4,0.8,3.36,70195.31,0.698
1/19/2025,Customer_Success,48,0,0,1,2.2,1.1,3.62,95704.99,0.721
1/19/2025,Product,83,0,0,1,3.4,0.8,3.54,85958.66,0.714
1/19/2025,Data_Analytics,95,0,0,1,2.6,1.2,3.36,84703.86,0.682
1/19/2025,Supply_Chain,105,0,0,0,2.2,1.3,3.61,90334.77,0.769
1/19/2025,Quality_Assurance,30,0,0,1,2.7,1.1,3.44,91257.59,0.806
1/19/2025,Executive,43,1,0,1,3.1,1.1,3.16,73675.13,0.81
1/20/2025,Engineering,54,1,0,1,2.4,1.2,3.4,66064.19,0.746
1/20/2025,Sales,50,1,0,1,2.0,0.6,3.62,93204.38,0.745
1/20/2025,Marketing,46,0,0,1,2.3,0.9,3.91,93965.51,0.746
1/20/2025,Finance,31,1,0,1,2.3,0.6,3.67,84155.75,0.794
1/20/2025,HR,119,2,1,1,2.7,0.6,3.6,83648.77,0.751
1/20/2025,Operations,70,1,0,1,2.0,1.3,3.78,91762.55,0.769
1/20/2025,Legal,106,0,1,1,3.2,1.1,3.62,98614.44,0.828
1/20/2025,IT,41,1,0,1,2.6,0.6,3.7,70245.79,0.79
1/20/2025,Customer_Success,48,0,0,1,1.9,1.0,3.66,95607.95,0.636
1/20/2025,Product,83,0,0,1,2.1,1.0,3.69,85792.29,0.802
1/20/2025,Data_Analytics,95,1,0,1,2.5,1.3,3.79,84347.16,0.718
1/20/2025,Supply_Chain,105,1,2,1,3.1,0.9,3.46,90429.3,0.69
1/20/2025,Quality_Assurance,30,0,0,1,3.2,0.9,3.83,91277.73,0.735
1/20/2025,Executive,43,0,0,1,3.0,0.8,3.49,73593.14,0.734
1/21/2025,Engineering,54,0,0,1,2.2,0.9,3.22,65721.16,0.725
1/21/2025,Sales,50,1,0,1,3.2,0.9,3.6,93004.84,0.739
1/21/2025,Marketing,46,0,0,1,3.2,1.0,3.7,94202.35,0.647
1/21/2025,Finance,31,0,0,1,1.5,0.7,3.3,83819.17,0.701
1/21/2025,HR,119,0,0,1,2.7,0.8,3.67,82886.85,0.761
1/21/2025,Operations,70,0,0,1,1.1,1.1,3.48,91976.56,0.756
1/21/2025,Legal,106,0,0,1,2.5,1.0,3.71,98556.62,0.729
1/21/2025,IT,41,0,0,1,2.3,0.8,3.46,70768.53,0.656
1/21/2025,Customer_Success,48,2,0,1,2.0,1.0,3.99,96232.27,0.677
1/21/2025,Product,83,0,0,1,3.0,1.2,3.41,85929.03,0.756
1/21/2025,Data_Analytics,95,0,0,1,3.1,0.8,3.63,84605.96,0.757
1/21/2025,Supply_Chain,105,2,0,1,2.2,0.6,3.85,90466.04,0.757
1/21/2025,Quality_Assurance,30,0,0,1,2.3,1.5,3.61,91289.16,0.744
1/21/2025,Executive,43,0,0,1,2.9,1.1,3.52,73725.13,0.718
1/22/2025,Engineering,54,1,0,1,2.3,1.2,3.64,65935.8,0.706
1/22/2025,Sales,50,0,0,1,2.9,0.8,3.33,93084.65,0.807
1/22/2025,Marketing,46,0,0,1,2.2,0.9,3.42,94237.78,0.721
1/22/2025,Finance,31,0,0,1,2.9,0.7,3.56,83985.25,0.668
1/22/2025,HR,119,0,1,1,3.7,0.8,3.7,83355.6,0.669
1/22/2025,Operations,70,0,1,1,2.5,1.0,3.72,92120.15,0.758
1/22/2025,Legal,106,0,0,1,2.9,1.2,3.47,99132.31,0.789
1/22/2025,IT,41,0,1,1,2.3,0.8,3.2,70503.68,0.68
1/22/2025,Customer_Success,49,0,0,1,3.2,1.0,3.61,95490.4,0.686
1/22/2025,Product,83,0,0,0,1.8,0.9,3.33,86056.44,0.734
1/22/2025,Data_Analytics,95,2,0,1,2.6,0.9,3.43,84346.99,0.741
1/22/2025,Supply_Chain,105,0,1,1,1.9,1.2,3.52,90081.78,0.759
1/22/2025,Quality_Assurance,30,0,0,1,2.3,1.0,3.73,91400.1,0.661
1/22/2025,Executive,43,0,0,1,1.3,1.1,3.89,74071.32,0.812
1/23/2025,Engineering,54,0,0,1,2.0,0.9,3.37,66009.66,0.759
1/23/2025,Sales,50,0,0,1,2.9,1.2,3.71,92886.7,0.584
1/23/2025,Marketing,46,0,0,1,3.4,1.3,3.51,94292.27,0.714
1/23/2025,Finance,31,0,0,1,3.1,0.8,3.65,83767.22,0.593
1/23/2025,HR,119,0,0,1,2.6,1.4,3.25,83130.98,0.734
1/23/2025,Operations,70,0,0,1,2.1,1.4,3.5,92222.01,0.718
1/23/2025,Legal,106,1,0,1,2.4,0.9,3.96,98784.5,0.798
1/23/2025,IT,41,1,0,1,2.6,1.3,3.54,70668.25,0.752
1/23/2025,Customer_Success,48,1,0,1,1.8,1.5,3.66,95836.48,0.782
1/23/2025,Product,83,0,1,1,1.5,1.2,3.45,86134.09,0.837
1/23/2025,Data_Analytics,95,1,0,1,2.2,1.2,3.57,84070.42,0.659
1/23/2025,Supply_Chain,105,0,0,1,2.5,1.2,3.23,90086.75,0.733
1/23/2025,Quality_Assurance,30,0,0,1,3.0,1.1,3.53,91373.52,0.679
1/23/2025,Executive,43,0,0,1,2.2,1.1,3.42,73830.08,0.747
1/24/2025,Engineering,54,0,0,1,2.1,1.0,3.42,65564.86,0.697
1/24/2025,Sales,50,0,0,1,2.6,1.5,3.53,92993.28,0.721
1/24/2025,Marketing,46,0,1,1,2.6,0.7,3.66,94646.11,0.678
1/24/2025,Finance,31,0,0,1,2.3,0.8,3.55,83716.04,0.696
1/24/2025,HR,119,2,0,1,2.2,1.2,3.35,83548.21,0.662
1/24/2025,Operations,70,0,0,1,2.0,0.9,3.66,92227.61,0.718
1/24/2025,Legal,106,1,0,1,2.6,1.2,3.82,98983.32,0.735
1/24/2025,IT,41,0,0,1,1.8,1.1,3.53,70515.69,0.747
1/24/2025,Customer_Success,48,1,1,1,2.8,0.9,3.51,95770.11,0.693
1/24/2025,Product,83,0,0,1,3.4,0.9,4.11,85915.29,0.732
1/24/2025,Data_Analytics,95,0,0,1,3.5,1.1,3.55,84326.38,0.741
1/24/2025,Supply_Chain,105,0,0,2,2.4,0.7,3.36,90266.39,0.746
1/24/2025,Quality_Assurance,30,0,0,1,2.1,0.8,3.32,91123.01,0.774
1/24/2025,Executive,43,1,0,1,2.8,1.0,3.62,73806.8,0.671
1/25/2025,Engineering,54,0,0,1,1.9,0.8,3.36,65735.41,0.651
1/25/2025,Sales,50,0,0,1,2.4,1.2,3.24,93012.44,0.772
1/25/2025,Marketing,46,1,0,1,2.8,0.9,3.6,94431.41,0.772
1/25/2025,Finance,31,0,0,1,2.0,1.2,3.6,83537.56,0.78
1/25/2025,HR,120,0,1,1,1.6,1.1,3.38,82931.3,0.716
1/25/2025,Operations,70,0,0,1,1.9,1.2,3.41,92112.27,0.776
1/25/2025,Legal,106,0,0,1,2.0,1.0,3.55,98915.98,0.737
1/25/2025,IT,41,0,0,1,3.0,1.0,3.22,70576.72,0.701
1/25/2025,Customer_Success,48,0,0,1,2.3,1.0,3.28,95988.87,0.8
1/25/2025,Product,83,0,0,1,2.3,0.8,3.72,85892.96,0.71
1/25/2025,Data_Analytics,95,0,0,1,1.5,0.9,3.42,84924.2,0.758
1/25/2025,Supply_Chain,105,0,0,1,1.8,1.2,3.42,90044.07,0.708
1/25/2025,Quality_Assurance,30,0,1,1,2.7,1.0,3.41,91430.26,0.748
1/25/2025,Executive,43,1,0,1,2.6,1.2,3.3,73624.55,0.696
1/26/2025,Engineering,54,0,0,1,3.1,1.0,3.37,66061.35,0.758
1/26/2025,Sales,50,0,0,1,2.9,1.0,3.62,93074.44,0.687
1/26/2025,Marketing,46,0,0,1,2.3,1.0,3.45,94302.83,0.745
1/26/2025,Finance,31,0,0,1,3.3,1.2,3.21,83781.2,0.732
1/26/2025,HR,119,0,0,1,2.7,1.2,3.34,83059.47,0.584
1/26/2025,Operations,70,0,0,1,2.4,0.6,3.55,91776.84,0.745
1/26/2025,Legal,106,1,0,1,2.3,0.7,3.2,98671.48,0.72
1/26/2025,IT,41,2,1,1,3.4,0.9,3.48,70458.37,0.718
1/26/2025,Customer_Success,48,0,0,1,1.6,0.8,3.29,96046.94,0.75
1/26/2025,Product,83,0,0,1,2.7,1.1,3.36,86204.72,0.643
1/26/2025,Data_Analytics,95,0,0,1,3.4,1.1,3.49,84036.51,0.619
1/26/2025,Supply_Chain,105,1,0,1,3.0,1.0,3.75,90279.95,0.713
1/26/2025,Quality_Assurance,30,0,0,1,2.7,1.1,3.87,91577.23,0.64
1/26/2025,Executive,43,1,0,1,2.1,1.0,3.44,74148.54,0.82
1/27/2025,Engineering,54,0,0,1,2.4,0.9,3.7,65695.89,0.717
1/27/2025,Sales,50,0,0,1,3.2,0.8,3.55,92843.63,0.709
1/27/2025,Marketing,46,1,0,1,2.8,1.4,3.77,93929.02,0.792
1/27/2025,Finance,31,0,0,1,2.8,0.7,3.62,83353.23,0.708
1/27/2025,HR,119,0,1,1,3.1,1.2,3.72,83302.12,0.732
1/27/2025,Operations,70,0,0,1,2.3,1.1,3.79,91978.57,0.771
1/27/2025,Legal,106,1,0,1,2.8,0.8,3.53,99181.99,0.711
1/27/2025,IT,41,1,0,1,2.1,1.2,3.57,70298.24,0.742
1/27/2025,Customer_Success,48,0,0,1,2.5,0.9,3.18,95702.05,0.798
1/27/2025,Product,83,0,0,1,3.2,0.9,3.76,86046.38,0.742
1/27/2025,Data_Analytics,95,0,0,1,2.1,1.0,3.57,84496.53,0.74
1/27/2025,Supply_Chain,105,0,0,1,2.1,1.1,3.35,90008.52,0.771
1/27/2025,Quality_Assurance,30,1,0,1,2.8,0.8,3.64,91421.5,0.658
1/27/2025,Executive,43,0,0,1,1.8,1.1,3.67,73883.26,0.76
1/28/2025,Engineering,54,0,1,1,2.8,1.1,3.62,65521.35,0.752
1/28/2025,Sales,50,0,0,1,3.5,0.8,3.54,92876.51,0.693
1/28/2025,Marketing,46,0,0,1,2.3,1.5,3.42,94229.32,0.632
1/28/2025,Finance,31,0,0,1,3.2,1.0,3.66,83463.24,0.793
1/28/2025,HR,119,1,0,1,2.3,0.6,3.68,83405.36,0.684
1/28/2025,Operations,70,0,0,1,2.0,1.2,3.49,92448.21,0.723
1/28/2025,Legal,106,1,0,1,2.1,1.0,3.47,98509.8,0.707
1/28/2025,IT,41,2,0,1,2.1,1.0,3.2,70676.88,0.7
1/28/2025,Customer_Success,48,0,0,1,2.9,1.1,3.62,95992.87,0.708
1/28/2025,Product,83,0,0,1,2.7,0.9,3.56,85928.57,0.64
1/28/2025,Data_Analytics,95,0,0,1,2.8,1.1,3.61,84095.69,0.652
1/28/2025,Supply_Chain,105,0,0,1,2.5,0.9,3.61,90309.25,0.697
1/28/2025,Quality_Assurance,30,0,0,1,3.8,1.2,3.64,91375.88,0.624
1/28/2025,Executive,43,2,0,1,1.8,1.0,3.32,73558.83,0.682
1/29/2025,Engineering,54,0,0,1,2.5,1.0,3.6,65959.36,0.712
1/29/2025,Sales,50,0,0,1,2.7,1.1,3.56,93070.33,0.755
1/29/2025,Marketing,46,0,0,1,2.7,1.1,3.56,94414.76,0.684
1/29/2025,Finance,31,1,0,1,2.2,1.3,3.37,83726.9,0.64
1/29/2025,HR,119,0,0,2,2.3,0.7,3.68,82973.54,0.784
1/29/2025,Operations,70,1,0,1,2.2,1.0,3.25,92078.42,0.632
1/29/2025,Legal,106,0,0,1,2.4,1.2,3.68,98907.07,0.767
1/29/2025,IT,41,0,0,1,2.7,1.2,3.31,70166.31,0.743
1/29/2025,Customer_Success,48,0,0,1,2.0,1.3,3.86,95634.36,0.703
1/29/2025,Product,83,1,0,1,2.3,1.1,3.2,85928.03,0.636
1/29/2025,Data_Analytics,95,1,0,1,2.5,1.1,3.69,83939.61,0.678
1/29/2025,Supply_Chain,105,0,0,1,2.3,0.9,3.45,90539.55,0.682
1/29/2025,Quality_Assurance,30,0,0,1,3.0,1.2,3.49,91347.19,0.704
1/29/2025,Executive,43,0,0,1,1.9,0.8,3.93,73683.4,0.682
1/30/2025,Engineering,54,0,0,1,2.4,1.0,3.23,65794.24,0.734
1/30/2025,Sales,50,0,0,1,3.8,1.1,3.34,93195.19,0.683
1/30/2025,Marketing,46,0,1,1,2.5,0.9,3.58,94083.45,0.757
1/30/2025,Finance,31,0,0,1,2.7,1.3,3.57,83959.83,0.72
1/30/2025,HR,119,0,0,1,2.7,0.8,3.57,82844.14,0.734
1/30/2025,Operations,70,0,0,1,2.1,1.0,3.31,91893.96,0.708
1/30/2025,Legal,106,0,0,0,1.9,1.1,3.18,98492.1,0.81
1/30/2025,IT,41,0,0,1,1.7,1.0,3.17,70901.14,0.64
1/30/2025,Customer_Success,48,0,0,1,3.6,0.9,3.23,95400.21,0.707
1/30/2025,Product,83,0,0,1,2.6,0.9,3.28,86117.39,0.719
1/30/2025,Data_Analytics,95,0,0,1,2.2,0.8,3.65,84610.41,0.775
1/30/2025,Supply_Chain,105,0,0,1,2.5,1.3,3.52,90208.87,0.677
1/30/2025,Quality_Assurance,30,1,0,1,2.5,1.0,3.35,91942.13,0.717
1/30/2025,Executive,43,0,0,1,2.0,1.2,3.37,73539.39,0.786
1/31/2025,Engineering,54,0,1,1,2.1,0.8,3.38,65587.48,0.641
1/31/2025,Sales,50,0,0,1,2.6,1.0,3.45,93230.3,0.759
1/31/2025,Marketing,46,0,0,1,2.1,0.9,3.28,94458.49,0.781
1/31/2025,Finance,31,0,1,1,2.8,0.9,3.7,83778.2,0.687
1/31/2025,HR,119,0,0,1,3.6,1.3,3.44,83065.57,0.742
1/31/2025,Operations,70,0,1,1,3.3,1.1,3.48,92331.39,0.769
1/31/2025,Legal,106,0,0,1,1.8,0.7,3.32,98584.37,0.688
1/31/2025,IT,41,1,1,1,2.7,0.9,3.53,70846.9,0.719
1/31/2025,Customer_Success,48,0,0,1,2.4,0.7,3.31,95878.85,0.711
1/31/2025,Product,83,0,0,1,2.4,1.1,3.39,86096.19,0.738
1/31/2025,Data_Analytics,95,0,0,1,2.7,1.2,3.37,84389.62,0.729
1/31/2025,Supply_Chain,105,1,0,0,2.4,1.0,3.47,90600.35,0.658
1/31/2025,Quality_Assurance,30,1,0,1,3.0,1.1,3.51,91310.53,0.772
1/31/2025,Executive,43,0,0,1,2.8,1.5,3.51,73553.45,0.662
2/1/2025,Engineering,54,0,0,1,2.8,1.0,3.62,65850.77,0.68
2/1/2025,Sales,50,0,0,0,3.1,1.3,3.51,93187.78,0.748
2/1/2025,Marketing,46,0,0,1,3.1,1.2,3.36,94192.5,0.689
2/1/2025,Finance,31,1,0,1,3.0,0.9,3.46,83613.87,0.77
2/1/2025,HR,119,0,0,1,2.2,1.3,3.54,82910.01,0.734
2/1/2025,Operations,70,1,0,1,3.2,0.6,3.52,92441.91,0.715
2/1/2025,Legal,106,0,0,1,2.1,0.9,3.39,98887.64,0.787
2/1/2025,IT,41,0,0,1,2.7,0.7,3.45,70431.63,0.663
2/1/2025,Customer_Success,48,0,0,1,2.7,1.0,3.35,95667.55,0.694
2/1/2025,Product,83,0,0,1,3.1,1.0,3.22,86499.72,0.717
2/1/2025,Data_Analytics,95,0,1,2,3.1,1.2,3.61,84305.12,0.784
2/1/2025,Supply_Chain,105,0,0,0,2.7,0.8,3.1,90401.16,0.825
2/1/2025,Quality_Assurance,30,0,0,1,3.1,0.9,3.51,91464.44,0.748
2/1/2025,Executive,43,1,0,1,2.6,1.4,3.42,74081.73,0.748
2/2/2025,Engineering,55,0,0,1,2.8,1.4,3.37,66011.05,0.777
2/2/2025,Sales,50,0,0,1,2.8,1.0,3.55,93041.7,0.753
2/2/2025,Marketing,46,0,0,1,2.0,0.9,3.55,94352.67,0.732
2/2/2025,Finance,31,0,0,1,2.3,1.1,3.14,83655.81,0.768
2/2/2025,HR,119,1,0,1,3.1,0.9,3.68,82986.09,0.695
2/2/2025,Operations,70,0,0,1,1.9,0.8,3.58,92407.71,0.741
2/2/2025,Legal,106,0,0,1,2.0,1.3,2.99,98987.51,0.697
2/2/2025,IT,41,0,0,1,2.4,1.1,3.41,70020.02,0.676
2/2/2025,Customer_Success,48,1,0,1,3.3,1.0,3.41,96164.42,0.683
2/2/2025,Product,83,0,1,2,2.6,0.5,3.57,85975.33,0.721
2/2/2025,Data_Analytics,95,0,0,1,2.3,0.8,4.1,84369.91,0.725
2/2/2025,Supply_Chain,105,0,0,1,3.0,1.1,3.61,89875.05,0.811
2/2/2025,Quality_Assurance,30,1,0,1,2.6,0.9,3.51,91338.21,0.619
2/2/2025,Executive,43,0,0,1,2.6,0.8,3.05,73812.79,0.747
2/3/2025,Engineering,54,0,0,1,2.1,0.9,3.67,65734.25,0.697
2/3/2025,Sales,50,0,0,1,2.2,0.5,3.69,93162.47,0.712
2/3/2025,Marketing,46,0,0,1,2.0,1.4,3.68,93859.5,0.645
2/3/2025,Finance,31,1,1,1,2.1,1.2,3.43,83769.75,0.75
2/3/2025,HR,119,0,0,1,2.0,0.8,3.27,83193.49,0.722
2/3/2025,Operations,70,0,0,1,2.2,0.9,3.81,91969.35,0.785
2/3/2025,Legal,106,0,1,1,2.4,1.1,3.35,98767.32,0.677
2/3/2025,IT,41,0,0,1,3.0,1.2,3.21,70212.5,0.669
2/3/2025,Customer_Success,48,1,0,1,2.4,0.7,3.6,95999.75,0.815
2/3/2025,Product,83,0,1,1,2.6,0.5,3.49,85735.95,0.724
2/3/2025,Data_Analytics,95,0,0,1,2.6,0.9,3.45,84228.29,0.74
2/3/2025,Supply_Chain,105,1,0,1,2.6,1.1,3.49,90525.35,0.688
2/3/2025,Quality_Assurance,30,0,1,2,2.1,1.0,3.35,91804.95,0.765
2/3/2025,Executive,43,0,0,1,2.8,1.1,3.54,73713.46,0.742
2/4/2025,Engineering,54,1,0,1,2.8,0.9,3.86,65616.14,0.683
2/4/2025,Sales,50,0,0,1,1.4,1.0,3.4,92718.78,0.775
2/4/2025,Marketing,46,0,1,1,2.0,0.8,3.62,94299.3,0.712
2/4/2025,Finance,31,0,0,1,2.9,1.0,3.44,83442.79,0.666
2/4/2025,HR,119,0,0,1,1.9,1.0,3.54,82978.66,0.79
2/4/2025,Operations,70,0,0,1,2.5,1.1,3.32,92056.51,0.666
2/4/2025,Legal,106,0,0,1,2.0,1.1,3.5,98188.84,0.782
2/4/2025,IT,41,0,0,1,2.1,1.1,3.85,70720.82,0.738
2/4/2025,Customer_Success,48,1,1,1,2.1,1.1,3.45,96028.01,0.725
2/4/2025,Product,82,0,0,1,2.4,1.3,3.56,86065.78,0.771
2/4/2025,Data_Analytics,95,0,0,1,3.0,0.9,3.66,84564.76,0.784
2/4/2025,Supply_Chain,105,2,0,1,2.9,1.3,3.55,90211.52,0.757
2/4/2025,Quality_Assurance,30,1,0,1,2.9,1.0,3.49,91523.32,0.715
2/4/2025,Executive,43,0,0,1,2.2,1.0,3.9,73629.24,0.688
2/5/2025,Engineering,54,0,0,1,4.0,1.1,3.28,65804.28,0.723
2/5/2025,Sales,50,0,0,1,2.9,0.8,3.29,92656.48,0.642
2/5/2025,Marketing,46,0,0,1,0.9,0.8,3.41,94221.54,0.797
2/5/2025,Finance,31,1,0,1,2.5,0.9,3.54,83780.32,0.672
2/5/2025,HR,119,0,0,1,2.5,0.8,3.52,82997.38,0.672
2/5/2025,Operations,70,0,0,1,3.7,1.2,3.76,92169.04,0.814
2/5/2025,Legal,106,1,0,1,2.5,1.1,3.76,98892.41,0.76
2/5/2025,IT,41,0,0,1,2.2,0.9,3.37,70209.59,0.656
2/5/2025,Customer_Success,48,0,0,1,2.6,1.1,3.35,95885.34,0.738
2/5/2025,Product,83,0,0,1,2.9,0.9,3.14,86027.47,0.755
2/5/2025,Data_Analytics,95,0,0,1,2.9,1.1,3.39,84781.27,0.676
2/5/2025,Supply_Chain,105,1,0,1,2.6,0.5,3.32,90266.56,0.701
2/5/2025,Quality_Assurance,30,0,0,1,2.7,0.9,3.47,91328.6,0.833
2/5/2025,Executive,43,1,0,1,2.8,1.0,3.44,73697.97,0.716
2/6/2025,Engineering,54,0,0,1,2.0,0.8,3.16,66002.64,0.732
2/6/2025,Sales,50,0,0,1,2.5,1.1,3.3,92934.56,0.729
2/6/2025,Marketing,46,0,0,1,2.7,0.8,3.71,94019.2,0.801
2/6/2025,Finance,31,1,0,1,2.4,1.2,3.33,83540.02,0.716
2/6/2025,HR,119,1,0,1,2.5,0.7,3.24,83139.84,0.818
2/6/2025,Operations,70,0,0,1,2.4,1.2,3.33,92067.77,0.763
2/6/2025,Legal,106,0,0,1,2.7,1.0,3.69,98699.37,0.654
2/6/2025,IT,41,0,0,1,2.5,0.9,3.49,70356.26,0.728
2/6/2025,Customer_Success,48,0,0,1,1.8,0.9,3.36,96250.07,0.69
2/6/2025,Product,83,0,0,1,3.1,0.6,3.24,85526.23,0.664
2/6/2025,Data_Analytics,95,0,0,1,2.0,1.2,3.58,84573.49,0.67
2/6/2025,Supply_Chain,105,0,0,1,2.9,1.1,3.35,90283.71,0.703
2/6/2025,Quality_Assurance,30,1,0,1,1.8,0.8,3.39,91344.31,0.641
2/6/2025,Executive,43,0,0,1,2.5,0.8,3.43,74199.07,0.726
2/7/2025,Engineering,54,0,0,1,2.1,0.9,3.69,65939.75,0.746
2/7/2025,Sales,50,0,0,1,2.3,1.1,3.43,93111.54,0.8
2/7/2025,Marketing,46,0,0,1,2.0,0.8,3.33,94338.31,0.752
2/7/2025,Finance,31,0,1,1,2.5,1.0,3.92,84112.08,0.758
2/7/2025,HR,119,0,0,1,2.7,1.1,3.28,83406.54,0.724
2/7/2025,Operations,70,1,0,1,2.9,1.1,3.24,91666.06,0.777
2/7/2025,Legal,106,0,1,1,2.0,1.3,3.61,98716.77,0.687
2/7/2025,IT,41,0,0,1,2.6,0.9,3.44,70199.08,0.712
2/7/2025,Customer_Success,48,0,0,1,2.9,1.2,3.33,95895.34,0.628
2/7/2025,Product,83,0,0,0,2.8,0.8,3.37,86108.51,0.732
2/7/2025,Data_Analytics,95,0,0,1,2.0,0.9,3.57,84491.1,0.649
2/7/2025,Supply_Chain,105,1,0,1,2.8,1.2,3.36,90411.62,0.729
2/7/2025,Quality_Assurance,30,1,0,1,2.6,0.9,3.66,91037.72,0.717
2/7/2025,Executive,43,0,1,1,2.8,1.0,3.32,73665.68,0.706
2/8/2025,Engineering,54,0,0,1,1.8,1.1,3.34,65879.4,0.758
2/8/2025,Sales,50,0,1,1,2.2,0.8,3.4,92786.94,0.765
2/8/2025,Marketing,46,1,0,1,1.2,1.0,3.47,94545.72,0.626
2/8/2025,Finance,31,0,0,1,3.0,0.7,3.64,83660.16,0.637
2/8/2025,HR,119,0,0,1,1.6,0.6,3.78,83340.59,0.666
2/8/2025,Operations,70,1,0,1,2.1,1.0,3.5,91926.01,0.702
2/8/2025,Legal,106,0,0,1,2.0,1.0,3.44,98886.93,0.614
2/8/2025,IT,41,0,0,1,2.4,1.4,3.44,70636.49,0.722
2/8/2025,Customer_Success,48,0,0,1,1.9,0.9,3.52,95862.46,0.755
2/8/2025,Product,83,0,0,1,3.5,1.0,3.6,85663.57,0.719
2/8/2025,Data_Analytics,95,0,0,2,2.1,0.8,3.32,84893.23,0.772
2/8/2025,Supply_Chain,105,0,0,1,2.3,1.0,3.62,90235.34,0.707
2/8/2025,Quality_Assurance,30,0,0,1,2.9,0.9,3.36,91545.47,0.729
2/8/2025,Executive,43,0,0,1,3.1,1.1,3.77,73781.0,0.725
2/9/2025,Engineering,54,1,0,1,2.4,1.1,3.6,65686.49,0.743
2/9/2025,Sales,50,0,0,1,1.6,1.0,3.82,92885.46,0.721
2/9/2025,Marketing,46,1,0,1,2.9,0.8,3.37,94470.96,0.69
2/9/2025,Finance,31,0,0,1,2.6,0.8,3.36,83408.96,0.664
2/9/2025,HR,119,1,0,1,2.0,1.4,3.46,83613.35,0.788
2/9/2025,Operations,70,0,0,1,2.4,1.6,3.29,92040.18,0.752
2/9/2025,Legal,106,0,0,1,2.7,1.1,3.61,99128.12,0.767
2/9/2025,IT,41,1,0,1,2.2,0.8,3.26,70003.08,0.708
2/9/2025,Customer_Success,48,0,0,1,2.6,1.1,3.39,95812.89,0.746
2/9/2025,Product,83,0,1,1,2.9,0.6,3.77,86055.46,0.769
2/9/2025,Data_Analytics,95,1,0,1,3.0,0.7,3.39,84992.08,0.689
2/9/2025,Supply_Chain,105,0,0,1,2.4,1.2,3.36,90457.6,0.76
2/9/2025,Quality_Assurance,30,0,1,1,2.7,0.8,3.48,91722.56,0.806
2/9/2025,Executive,43,0,0,1,1.8,0.7,3.55,73838.46,0.766
2/10/2025,Engineering,54,1,0,1,1.6,1.2,3.36,66003.97,0.775
2/10/2025,Sales,50,0,0,1,2.5,0.9,3.41,93512.37,0.644
2/10/2025,Marketing,46,0,0,1,2.7,0.8,3.35,94568.95,0.809
2/10/2025,Finance,31,1,0,1,3.2,0.9,3.49,83972.57,0.739
2/10/2025,HR,119,2,0,1,2.6,0.9,3.77,83297.66,0.67
2/10/2025,Operations,70,1,0,1,2.8,1.3,3.12,92045.74,0.756
2/10/2025,Legal,106,0,0,1,3.3,1.4,3.34,98925.46,0.748
2/10/2025,IT,41,0,0,1,3.0,0.8,3.66,70560.56,0.735
2/10/2025,Customer_Success,48,1,0,1,2.4,0.9,3.26,96241.89,0.745
2/10/2025,Product,83,0,0,1,2.1,1.0,3.67,85528.78,0.716
2/10/2025,Data_Analytics,95,1,0,1,2.4,1.1,3.9,84407.28,0.811
2/10/2025,Supply_Chain,105,1,0,1,2.2,1.0,3.68,90275.14,0.703
2/10/2025,Quality_Assurance,30,1,0,1,2.7,1.3,3.73,91108.46,0.707
2/10/2025,Executive,43,0,0,1,1.6,0.8,3.56,73860.04,0.743
2/11/2025,Engineering,54,0,0,1,3.0,0.7,3.51,65865.03,0.777
2/11/2025,Sales,50,0,1,1,3.1,0.9,3.69,93371.58,0.638
2/11/2025,Marketing,46,0,0,1,3.0,0.8,3.47,94349.68,0.757
2/11/2025,Finance,31,0,0,1,3.6,0.7,3.57,83589.32,0.77
2/11/2025,HR,119,0,0,1,2.7,1.1,3.5,82837.82,0.755
2/11/2025,Operations,70,1,0,1,3.1,1.0,3.46,91790.03,0.809
2/11/2025,Legal,106,0,0,1,3.1,1.1,3.68,98932.68,0.712
2/11/2025,IT,41,0,1,1,3.2,1.1,3.68,70299.85,0.696
2/11/2025,Customer_Success,48,0,0,1,2.0,1.1,3.68,95687.1,0.753
2/11/2025,Product,83,0,0,1,2.9,1.4,3.36,85743.73,0.683
2/11/2025,Data_Analytics,95,0,0,1,3.0,1.1,3.38,84664.2,0.756
2/11/2025,Supply_Chain,105,0,0,1,2.1,1.0,3.31,90161.28,0.658
2/11/2025,Quality_Assurance,30,1,0,1,2.2,0.9,3.42,91412.7,0.792
2/11/2025,Executive,43,0,0,1,2.0,1.2,3.47,73410.86,0.744
2/12/2025,Engineering,54,0,0,1,2.9,1.0,3.54,65891.43,0.662
2/12/2025,Sales,50,1,0,1,2.6,1.1,3.26,93044.81,0.804
2/12/2025,Marketing,46,0,0,1,2.9,1.0,3.61,94215.33,0.712
2/12/2025,Finance,31,0,0,1,1.8,1.3,4.0,83933.9,0.653
2/12/2025,HR,119,1,0,1,2.6,1.2,3.43,82785.17,0.75
2/12/2025,Operations,70,1,1,1,2.7,1.1,3.8,91748.05,0.693
2/12/2025,Legal,106,0,0,1,2.0,1.0,3.53,99018.81,0.74
2/12/2025,IT,41,0,1,1,2.3,1.4,3.76,70503.67,0.739
2/12/2025,Customer_Success,48,0,0,1,2.5,1.1,3.68,95754.39,0.685
2/12/2025,Product,83,1,0,1,2.5,1.1,4.01,86009.69,0.752
2/12/2025,Data_Analytics,95,0,0,1,0.3,1.1,3.88,84081.42,0.796
2/12/2025,Supply_Chain,104,1,0,1,3.1,1.1,3.62,90184.44,0.626
2/12/2025,Quality_Assurance,30,2,1,1,2.5,1.0,3.21,91573.7,0.751
2/12/2025,Executive,43,0,0,1,2.4,1.0,3.57,73776.76,0.708
2/13/2025,Engineering,54,0,0,1,2.5,0.9,3.61,65692.19,0.739
2/13/2025,Sales,50,0,0,1,1.6,1.1,3.55,93254.43,0.694
2/13/2025,Marketing,46,0,0,1,1.6,1.3,3.78,94494.95,0.676
2/13/2025,Finance,31,0,0,1,2.8,1.5,3.55,83744.21,0.689
2/13/2025,HR,119,0,0,1,2.5,0.8,3.55,83365.12,0.74
2/13/2025,Operations,70,1,0,1,3.7,0.7,3.45,91986.28,0.698
2/13/2025,Legal,106,0,0,1,2.5,1.6,3.53,98849.69,0.635
2/13/2025,IT,41,0,0,0,2.5,1.3,3.5,70291.3,0.627
2/13/2025,Customer_Success,48,0,0,1,2.8,1.2,3.62,96062.97,0.746
2/13/2025,Product,83,1,0,1,2.7,1.0,3.72,86226.59,0.675
2/13/2025,Data_Analytics,95,1,0,0,3.8,1.1,3.38,84965.61,0.703
2/13/2025,Supply_Chain,105,1,1,1,2.8,1.0,3.72,90855.82,0.735
2/13/2025,Quality_Assurance,30,0,0,1,2.4,0.7,3.26,91276.78,0.718
2/13/2025,Executive,43,0,0,1,3.1,1.2,3.5,73624.85,0.777
2/14/2025,Engineering,54,0,0,1,2.7,0.9,3.59,65710.8,0.65
2/14/2025,Sales,50,0,0,1,2.0,0.9,3.39,92828.08,0.815
2/14/2025,Marketing,46,0,0,1,2.3,1.1,3.45,94458.16,0.738
2/14/2025,Finance,31,0,0,1,1.5,1.1,3.7,84401.36,0.7
2/14/2025,HR,119,0,0,1,2.1,1.0,3.11,83345.67,0.68
2/14/2025,Operations,70,0,0,1,2.5,1.1,3.79,92154.81,0.769
2/14/2025,Legal,106,0,0,1,3.0,1.1,3.21,98612.56,0.707
2/14/2025,IT,41,0,0,1,3.0,1.3,3.29,70470.75,0.689
2/14/2025,Customer_Success,48,0,0,1,3.4,1.0,3.99,95953.79,0.721
2/14/2025,Product,83,0,0,1,3.1,1.2,3.73,85884.83,0.716
2/14/2025,Data_Analytics,95,1,0,1,3.0,1.0,3.66,84915.71,0.82
2/14/2025,Supply_Chain,105,2,0,1,2.7,1.0,3.43,90241.23,0.726
2/14/2025,Quality_Assurance,30,0,0,1,2.9,1.2,3.82,91442.14,0.749
2/14/2025,Executive,43,0,0,1,2.5,1.1,3.44,73669.1,0.806
2/15/2025,Engineering,54,0,0,1,2.6,1.2,3.62,65851.01,0.746
2/15/2025,Sales,50,0,0,1,1.9,0.7,3.65,93115.96,0.751
2/15/2025,Marketing,46,0,0,0,3.2,0.6,3.67,94157.36,0.773
2/15/2025,Finance,31,0,1,1,2.7,1.0,3.53,83628.6,0.758
2/15/2025,HR,119,1,2,1,3.1,0.8,3.49,83164.4,0.795
2/15/2025,Operations,70,1,0,1,2.5,0.9,3.39,91862.07,0.651
2/15/2025,Legal,106,0,0,1,2.8,0.5,3.61,98768.12,0.696
2/15/2025,IT,41,0,0,1,2.6,0.9,3.3,70042.82,0.731
2/15/2025,Customer_Success,48,0,0,1,2.4,1.2,3.62,95228.5,0.747
2/15/2025,Product,83,0,0,1,1.7,1.1,3.65,85977.39,0.675
2/15/2025,Data_Analytics,95,0,0,1,2.5,1.0,3.16,84498.17,0.751
2/15/2025,Supply_Chain,105,0,0,1,2.9,0.6,3.57,90646.67,0.791
2/15/2025,Quality_Assurance,30,0,0,1,2.8,0.8,3.65,91884.64,0.718
2/15/2025,Executive,43,0,0,1,2.8,0.9,3.67,73687.72,0.684
2/16/2025,Engineering,54,0,1,1,2.3,0.8,3.46,66053.91,0.693
2/16/2025,Sales,50,0,0,1,2.7,1.3,3.57,93207.31,0.756
2/16/2025,Marketing,46,0,0,1,2.9,1.1,3.52,93771.09,0.824
2/16/2025,Finance,31,0,0,1,1.4,1.1,3.28,83592.36,0.651
2/16/2025,HR,119,0,0,1,2.6,0.7,3.44,83020.37,0.742
2/16/2025,Operations,70,2,0,1,2.1,0.9,3.85,92058.03,0.73
2/16/2025,Legal,106,0,0,1,2.3,1.0,3.53,98644.64,0.742
2/16/2025,IT,41,0,0,1,2.2,1.4,3.7,70571.94,0.706
2/16/2025,Customer_Success,48,0,0,1,3.1,1.0,3.47,95952.08,0.764
2/16/2025,Product,83,0,0,1,1.5,0.9,3.79,86345.62,0.737
2/16/2025,Data_Analytics,95,0,0,1,2.3,0.9,3.09,84821.31,0.688
2/16/2025,Supply_Chain,105,0,0,1,3.5,0.7,3.43,90042.73,0.768
2/16/2025,Quality_Assurance,30,0,0,1,3.3,1.1,3.63,90783.98,0.717
2/16/2025,Executive,43,0,0,1,1.8,1.4,3.55,73552.91,0.723
2/17/2025,Engineering,54,1,0,1,2.4,1.2,3.22,65863.49,0.723
2/17/2025,Sales,50,0,0,1,1.8,0.9,3.41,93027.91,0.763
2/17/2025,Marketing,46,0,0,1,2.6,1.3,3.34,94391.68,0.711
2/17/2025,Finance,31,1,0,1,2.2,0.9,3.74,84056.66,0.73
2/17/2025,HR,119,0,1,1,2.1,1.3,3.44,83141.77,0.757
2/17/2025,Operations,70,0,0,1,2.1,1.0,3.51,92184.81,0.716
2/17/2025,Legal,106,1,0,1,2.0,0.9,3.73,98797.45,0.696
2/17/2025,IT,41,0,1,1,3.3,1.1,3.44,70522.41,0.77
2/17/2025,Customer_Success,48,0,0,1,2.4,0.8,3.3,95783.98,0.743
2/17/2025,Product,83,0,0,1,2.7,1.2,3.48,85920.92,0.738
2/17/2025,Data_Analytics,95,1,0,1,3.0,1.3,3.69,84045.43,0.748
2/17/2025,Supply_Chain,106,1,0,1,3.1,0.8,3.51,90082.92,0.692
2/17/2025,Quality_Assurance,30,0,0,1,1.6,0.7,3.52,91620.28,0.693
2/17/2025,Executive,43,0,0,1,2.9,1.4,3.15,73646.17,0.784
2/18/2025,Engineering,54,0,0,1,2.9,1.4,3.9,65799.91,0.693
2/18/2025,Sales,50,0,2,1,2.6,1.5,3.48,92959.98,0.771
2/18/2025,Marketing,46,1,0,1,1.7,0.6,3.58,94050.0,0.784
2/18/2025,Finance,31,1,1,1,3.1,1.1,3.46,83977.49,0.72
2/18/2025,HR,119,0,0,1,3.3,1.0,3.66,83302.42,0.776
2/18/2025,Operations,70,0,1,1,2.5,0.9,3.43,92377.51,0.671
2/18/2025,Legal,106,0,0,1,2.2,1.0,3.37,98837.8,0.632
2/18/2025,IT,41,0,0,1,2.0,1.2,3.26,70477.17,0.823
2/18/2025,Customer_Success,48,1,0,1,1.7,1.1,3.5,96352.01,0.707
2/18/2025,Product,83,0,1,1,2.0,1.0,3.22,85925.77,0.761
2/18/2025,Data_Analytics,95,0,0,1,3.5,1.0,3.3,84460.3,0.64
2/18/2025,Supply_Chain,105,1,0,1,2.5,1.1,2.97,90324.77,0.717
2/18/2025,Quality_Assurance,30,0,0,1,2.4,0.8,3.54,91349.01,0.798
2/18/2025,Executive,43,0,0,1,2.8,1.3,3.62,73759.82,0.783
2/19/2025,Engineering,54,0,0,1,2.6,0.9,3.8,65988.23,0.735
2/19/2025,Sales,50,0,0,1,2.5,1.0,3.43,93266.84,0.785
2/19/2025,Marketing,46,0,0,1,1.9,1.1,3.53,94946.65,0.794
2/19/2025,Finance,31,0,0,1,1.6,0.8,3.49,83360.41,0.692
2/19/2025,HR,119,1,0,1,2.8,0.9,3.49,83130.78,0.68
2/19/2025,Operations,70,1,0,1,2.5,0.6,3.5,92185.59,0.744
2/19/2025,Legal,106,0,0,2,2.8,1.0,3.69,98677.11,0.726
2/19/2025,IT,41,1,0,1,2.4,0.6,3.21,70113.52,0.676
2/19/2025,Customer_Success,48,1,0,1,2.7,1.0,3.72,96123.9,0.738
2/19/2025,Product,83,0,0,1,3.0,1.3,3.21,86286.01,0.66
2/19/2025,Data_Analytics,95,0,0,1,2.9,1.1,3.71,84433.55,0.718
2/19/2025,Supply_Chain,105,1,0,1,2.0,1.0,3.47,90128.45,0.722
2/19/2025,Quality_Assurance,30,0,0,1,2.5,0.6,3.59,91292.09,0.784
2/19/2025,Executive,43,0,1,1,2.1,1.3,3.8,73468.78,0.698
2/20/2025,Engineering,54,0,0,1,2.9,0.6,3.42,65848.84,0.74
2/20/2025,Sales,50,1,0,1,2.5,1.1,3.84,93239.92,0.781
2/20/2025,Marketing,46,0,0,1,2.0,1.3,3.68,94289.49,0.753
2/20/2025,Finance,31,0,1,1,2.8,0.9,3.0,83590.4,0.716
2/20/2025,HR,119,0,0,1,2.5,1.2,3.38,83105.58,0.664
2/20/2025,Operations,70,0,0,1,2.7,1.0,3.4,91839.2,0.738
2/20/2025,Legal,106,0,0,1,2.4,0.9,3.54,98976.11,0.755
2/20/2025,IT,41,0,0,1,2.2,1.0,3.34,70386.02,0.671
2/20/2025,Customer_Success,48,1,1,1,3.1,0.9,3.46,96158.8,0.629
2/20/2025,Product,83,0,0,1,2.1,0.9,3.42,86150.41,0.713
2/20/2025,Data_Analytics,95,1,1,1,2.2,1.0,3.42,84654.76,0.809
2/20/2025,Supply_Chain,105,0,0,1,2.4,0.7,3.66,90030.91,0.794
2/20/2025,Quality_Assurance,30,0,1,1,2.3,0.8,3.44,91288.71,0.704
2/20/2025,Executive,43,0,0,1,3.2,0.8,3.5,73614.31,0.704
2/21/2025,Engineering,54,0,0,1,2.7,0.9,3.31,65563.12,0.697
2/21/2025,Sales,50,0,0,1,3.0,0.9,3.22,93165.11,0.605
2/21/2025,Marketing,46,0,0,1,3.0,1.0,3.44,94048.28,0.751
2/21/2025,Finance,31,1,1,1,3.2,0.9,3.8,83951.35,0.736
2/21/2025,HR,119,0,0,1,2.8,1.0,3.34,83272.17,0.716
2/21/2025,Operations,70,0,1,1,2.9,0.9,3.44,92302.63,0.703
2/21/2025,Legal,106,0,0,1,1.8,1.1,3.91,98811.83,0.707
2/21/2025,IT,41,0,0,1,1.9,1.3,3.73,70358.05,0.662
2/21/2025,Customer_Success,48,0,0,1,2.1,0.7,3.37,96083.77,0.701
2/21/2025,Product,83,0,0,1,3.4,0.9,3.58,85612.6,0.795
2/21/2025,Data_Analytics,95,0,0,1,2.9,0.9,3.72,84360.19,0.759
2/21/2025,Supply_Chain,105,1,0,1,2.6,1.0,3.39,90265.6,0.726
2/21/2025,Quality_Assurance,30,0,0,2,3.0,1.0,3.73,90941.67,0.593
2/21/2025,Executive,43,0,0,1,2.9,0.8,3.58,73725.92,0.738
2/22/2025,Engineering,54,1,0,1,3.0,1.0,3.44,65951.52,0.704
2/22/2025,Sales,50,1,0,1,2.4,0.7,3.42,93062.36,0.67
2/22/2025,Marketing,46,0,0,1,1.9,1.3,3.52,94293.23,0.745
2/22/2025,Finance,31,0,0,1,3.0,1.0,3.73,83788.21,0.712
2/22/2025,HR,119,0,0,1,2.5,1.0,3.16,83085.21,0.759
2/22/2025,Operations,70,0,0,1,2.0,1.0,3.7,91748.88,0.702
2/22/2025,Legal,106,0,0,1,2.5,0.8,3.29,98471.06,0.667
2/22/2025,IT,41,2,0,1,2.5,1.0,3.96,70503.14,0.69
2/22/2025,Customer_Success,48,0,0,1,2.3,0.9,3.43,95614.06,0.79
2/22/2025,Product,83,0,0,1,2.0,0.7,3.45,85795.5,0.729
2/22/2025,Data_Analytics,95,0,0,1,3.3,0.9,3.35,84407.79,0.71
2/22/2025,Supply_Chain,105,0,0,1,2.7,1.0,3.74,90723.15,0.757
2/22/2025,Quality_Assurance,30,0,0,1,3.0,1.1,3.46,91386.03,0.704
2/22/2025,Executive,43,0,0,0,3.3,1.0,3.59,74045.19,0.736
2/23/2025,Engineering,54,1,0,1,3.3,0.8,3.45,66128.83,0.626
2/23/2025,Sales,50,1,0,1,2.2,0.9,3.26,92810.48,0.741
2/23/2025,Marketing,46,1,0,1,2.7,0.9,3.51,94516.58,0.775
2/23/2025,Finance,31,0,0,1,1.7,0.8,3.36,83786.71,0.681
2/23/2025,HR,119,0,0,1,2.4,0.7,3.38,83046.89,0.699
2/23/2025,Operations,70,0,0,1,2.1,1.0,3.53,92264.49,0.691
2/23/2025,Legal,106,0,1,1,2.3,1.1,3.46,99189.35,0.724
2/23/2025,IT,41,0,0,1,2.1,1.2,3.24,70392.86,0.777
2/23/2025,Customer_Success,48,0,0,1,2.7,1.1,3.55,96141.77,0.745
2/23/2025,Product,83,0,0,1,1.6,1.5,3.39,86305.1,0.72
2/23/2025,Data_Analytics,95,1,0,1,2.8,1.2,3.07,84511.95,0.74
2/23/2025,Supply_Chain,105,0,0,1,3.1,0.6,3.62,90202.14,0.673
2/23/2025,Quality_Assurance,30,0,0,1,2.9,1.1,3.48,91236.58,0.689
2/23/2025,Executive,43,0,1,1,2.1,1.1,3.75,73433.21,0.719
2/24/2025,Engineering,54,0,0,1,2.9,1.2,3.47,65783.42,0.74
2/24/2025,Sales,50,1,0,1,3.0,1.0,3.2,93033.45,0.73
2/24/2025,Marketing,46,0,0,1,2.6,0.7,3.57,94345.97,0.747
2/24/2025,Finance,31,0,0,1,2.5,1.0,3.46,83738.3,0.702
2/24/2025,HR,120,0,0,2,2.7,0.7,3.67,82932.32,0.764
2/24/2025,Operations,70,1,0,1,2.7,0.9,3.63,92263.23,0.728
2/24/2025,Legal,106,0,0,1,2.5,0.7,3.48,98855.62,0.699
2/24/2025,IT,41,1,0,1,1.8,1.4,3.47,70347.24,0.703
2/24/2025,Customer_Success,48,1,0,1,2.7,1.0,3.46,95990.61,0.697
2/24/2025,Product,83,1,0,1,2.0,0.9,3.39,85724.23,0.77
2/24/2025,Data_Analytics,95,0,0,1,2.5,0.8,3.66,84722.07,0.757
2/24/2025,Supply_Chain,105,0,1,1,2.9,0.9,3.51,90209.83,0.663
2/24/2025,Quality_Assurance,30,0,0,1,1.8,0.9,3.48,91194.8,0.753
2/24/2025,Executive,43,0,0,1,2.5,0.8,3.61,73515.45,0.767
2/25/2025,Engineering,54,1,0,1,3.2,1.4,3.51,66214.75,0.705
2/25/2025,Sales,50,0,0,0,1.9,1.1,3.24,93157.57,0.766
2/25/2025,Marketing,46,1,0,1,2.6,0.9,3.84,94195.71,0.79
2/25/2025,Finance,31,1,0,1,2.8,1.1,3.39,83971.76,0.812
2/25/2025,HR,119,0,0,1,2.7,0.8,3.38,83623.77,0.706
2/25/2025,Operations,70,0,0,1,3.1,1.0,3.19,92111.86,0.701
2/25/2025,Legal,106,0,0,1,2.0,1.0,3.58,98608.93,0.734
2/25/2025,IT,41,1,1,1,2.2,0.9,3.47,70355.16,0.698
2/25/2025,Customer_Success,48,2,0,1,2.0,1.3,3.5,95953.62,0.695
2/25/2025,Product,83,0,0,1,2.3,0.5,3.27,86297.94,0.76
2/25/2025,Data_Analytics,95,0,0,1,2.0,1.2,3.51,85093.31,0.702
2/25/2025,Supply_Chain,105,0,0,1,2.0,0.9,3.29,89998.22,0.752
2/25/2025,Quality_Assurance,30,0,0,1,3.1,0.9,3.61,91537.84,0.789
2/25/2025,Executive,43,1,0,1,2.5,0.9,3.23,73871.26,0.693
2/26/2025,Engineering,54,0,0,1,2.7,0.9,3.6,66108.09,0.752
2/26/2025,Sales,50,0,0,1,2.4,0.8,3.29,92630.76,0.653
2/26/2025,Marketing,46,1,0,1,3.1,1.0,3.64,94404.84,0.651
2/26/2025,Finance,31,2,0,1,2.5,1.1,3.68,83661.73,0.72
2/26/2025,HR,119,1,0,2,2.4,0.6,3.39,82513.93,0.731
2/26/2025,Operations,70,0,0,1,1.6,0.7,3.46,91816.89,0.706
2/26/2025,Legal,106,1,0,1,2.6,0.7,3.6,98729.35,0.712
2/26/2025,IT,41,0,0,1,2.8,0.8,3.06,70601.42,0.725
2/26/2025,Customer_Success,48,0,1,1,1.9,1.0,3.72,95961.5,0.782
2/26/2025,Product,83,0,0,1,2.9,0.7,3.43,86043.34,0.792
2/26/2025,Data_Analytics,95,0,0,1,2.5,1.2,3.34,84558.32,0.742
2/26/2025,Supply_Chain,105,0,0,1,2.6,1.1,3.37,90134.58,0.78
2/26/2025,Quality_Assurance,30,1,0,1,3.0,0.9,3.52,90703.85,0.701
2/26/2025,Executive,43,0,0,1,2.3,0.7,3.46,73443.68,0.628
2/27/2025,Engineering,54,0,0,1,2.3,0.6,3.69,65339.09,0.692
2/27/2025,Sales,50,0,0,1,2.1,0.8,3.35,93282.02,0.66
2/27/2025,Marketing,46,0,0,1,2.9,1.0,3.59,94018.11,0.589
2/27/2025,Finance,31,0,0,1,3.2,0.9,3.59,83966.97,0.805
2/27/2025,HR,119,0,0,1,2.7,1.1,4.13,83210.32,0.654
2/27/2025,Operations,70,0,0,1,2.2,0.7,3.82,92056.08,0.71
2/27/2025,Legal,106,0,0,1,2.5,1.1,3.65,98842.24,0.709
2/27/2025,IT,41,0,0,1,2.2,0.8,3.43,70257.09,0.647
2/27/2025,Customer_Success,48,1,0,0,2.8,0.9,3.59,95909.85,0.71
2/27/2025,Product,83,0,0,1,3.0,1.2,3.63,85562.58,0.775
2/27/2025,Data_Analytics,95,0,0,1,3.6,0.8,3.73,84557.93,0.699
2/27/2025,Supply_Chain,105,0,0,1,2.3,1.2,3.55,89940.82,0.762
2/27/2025,Quality_Assurance,30,0,0,1,1.9,1.3,3.5,91376.85,0.7
2/27/2025,Executive,43,1,0,1,2.8,1.0,3.77,73888.18,0.708
2/28/2025,Engineering,54,0,0,1,2.8,0.7,3.47,65747.26,0.771
2/28/2025,Sales,50,0,0,1,2.4,1.3,3.63,92965.75,0.733
2/28/2025,Marketing,46,0,1,1,3.2,0.6,3.78,94327.01,0.627
2/28/2025,Finance,30,0,1,1,2.2,0.8,3.42,83840.95,0.731
2/28/2025,HR,119,0,0,1,2.2,1.2,3.48,82980.83,0.765
2/28/2025,Operations,70,1,0,1,2.5,0.8,3.46,91845.59,0.701
2/28/2025,Legal,106,0,0,1,1.5,0.8,3.2,98860.85,0.745
2/28/2025,IT,41,1,0,1,2.8,1.2,3.69,70231.64,0.779
2/28/2025,Customer_Success,48,0,0,1,1.2,0.9,3.52,95819.08,0.807
2/28/2025,Product,83,1,0,1,3.2,0.8,3.36,85704.99,0.784
2/28/2025,Data_Analytics,95,0,0,1,2.7,1.1,3.08,84458.83,0.801
2/28/2025,Supply_Chain,105,0,1,1,2.4,0.8,3.31,90621.03,0.67
2/28/2025,Quality_Assurance,30,0,0,1,2.2,1.1,3.09,91496.33,0.597
2/28/2025,Executive,43,0,0,1,1.8,0.9,3.54,73273.29,0.72
3/1/2025,Engineering,54,0,0,1,2.3,0.6,3.53,65605.31,0.69
3/1/2025,Sales,50,0,0,1,1.7,1.0,3.49,93341.4,0.694
3/1/2025,Marketing,46,1,0,2,2.0,1.0,3.57,94419.44,0.711
3/1/2025,Finance,31,2,1,1,2.3,0.9,3.19,83797.31,0.699
3/1/2025,HR,119,1,0,1,2.0,1.3,3.33,83263.72,0.767
3/1/2025,Operations,70,0,0,1,1.9,1.1,3.53,92073.9,0.745
3/1/2025,Legal,106,0,0,1,1.1,1.1,3.29,98911.87,0.79
3/1/2025,IT,41,0,0,1,1.9,1.0,3.63,70323.24,0.777
3/1/2025,Customer_Success,48,0,0,1,2.7,1.2,3.26,95612.27,0.782
3/1/2025,Product,83,0,0,0,2.4,0.8,3.68,86191.87,0.748
3/1/2025,Data_Analytics,95,1,1,2,1.7,0.9,3.35,84570.12,0.721
3/1/2025,Supply_Chain,105,0,1,1,2.3,0.8,3.49,90240.47,0.68
3/1/2025,Quality_Assurance,30,1,0,1,2.2,1.0,3.64,91301.19,0.747
3/1/2025,Executive,43,0,1,1,3.2,0.8,3.2,73586.43,0.652
3/2/2025,Engineering,54,0,0,1,2.4,0.9,3.84,65652.82,0.653
3/2/2025,Sales,50,0,1,1,3.0,0.9,3.35,93229.62,0.749
3/2/2025,Marketing,46,1,0,1,2.5,0.7,3.28,94250.44,0.687
3/2/2025,Finance,31,1,0,1,2.1,0.7,3.43,83474.49,0.72
3/2/2025,HR,119,0,0,1,1.7,1.2,3.36,83382.53,0.682
3/2/2025,Operations,70,1,0,1,2.7,1.2,3.54,91955.62,0.649
3/2/2025,Legal,106,0,0,1,1.8,1.3,3.49,98877.65,0.701
3/2/2025,IT,41,0,0,1,2.4,0.6,3.19,70814.72,0.665
3/2/2025,Customer_Success,48,0,0,1,2.0,1.3,3.51,96018.76,0.706
3/2/2025,Product,83,0,0,1,2.2,1.1,3.6,85725.02,0.73
3/2/2025,Data_Analytics,95,0,0,1,2.5,1.0,3.48,84448.37,0.727
3/2/2025,Supply_Chain,105,0,0,1,2.2,0.9,3.91,89977.7,0.74
3/2/2025,Quality_Assurance,30,0,0,1,3.1,0.9,3.54,90968.07,0.726
3/2/2025,Executive,43,0,0,1,1.6,1.0,3.25,73534.8,0.779
3/3/2025,Engineering,54,0,0,1,3.4,0.7,3.66,65705.71,0.673
3/3/2025,Sales,50,0,1,1,2.7,1.0,3.61,93106.49,0.763
3/3/2025,Marketing,46,1,1,1,2.6,1.2,3.09,94240.43,0.739
3/3/2025,Finance,30,0,1,1,2.9,1.1,3.61,83762.49,0.725
3/3/2025,HR,119,1,0,1,2.0,1.3,3.61,83211.12,0.687
3/3/2025,Operations,70,2,0,1,1.8,1.1,3.93,91790.43,0.718
3/3/2025,Legal,106,0,0,1,2.0,1.2,3.26,98760.02,0.717
3/3/2025,IT,41,0,0,1,3.0,1.8,3.63,70386.82,0.655
3/3/2025,Customer_Success,48,0,0,1,3.3,1.2,3.47,95636.06,0.786
3/3/2025,Product,83,0,0,1,1.3,0.8,3.48,86132.93,0.693
3/3/2025,Data_Analytics,95,0,0,1,2.0,0.7,3.65,84588.15,0.766
3/3/2025,Supply_Chain,105,2,0,1,2.9,0.9,3.34,90230.32,0.654
3/3/2025,Quality_Assurance,30,0,0,1,2.8,1.1,3.8,91526.01,0.774
3/3/2025,Executive,43,0,0,1,2.4,1.0,3.59,73863.06,0.74
3/4/2025,Engineering,54,1,0,1,2.5,0.7,3.51,65770.12,0.691
3/4/2025,Sales,50,0,0,2,3.0,1.0,3.27,92747.65,0.7
3/4/2025,Marketing,46,0,0,1,2.8,0.8,3.37,94322.58,0.711
3/4/2025,Finance,31,0,0,1,2.8,1.0,3.26,84228.32,0.666
3/4/2025,HR,119,0,0,1,2.8,0.9,3.72,82995.11,0.727
3/4/2025,Operations,70,1,0,1,2.7,0.9,3.76,91907.99,0.665
3/4/2025,Legal,106,0,0,1,2.4,1.1,3.3,98510.16,0.741
3/4/2025,IT,41,0,0,1,1.8,0.9,3.32,70754.29,0.765
3/4/2025,Customer_Success,48,0,1,1,2.7,1.0,3.55,95931.05,0.711
3/4/2025,Product,83,2,0,1,2.0,1.1,3.79,86001.24,0.698
3/4/2025,Data_Analytics,95,0,0,1,3.2,1.0,3.36,84493.65,0.694
3/4/2025,Supply_Chain,105,1,0,1,2.6,1.1,3.19,90335.63,0.717
3/4/2025,Quality_Assurance,30,0,0,1,1.9,0.9,3.63,91505.78,0.744
3/4/2025,Executive,43,1,0,1,2.3,1.2,3.58,73811.93,0.71
3/5/2025,Engineering,54,1,0,1,3.0,0.9,3.6,65771.52,0.798
3/5/2025,Sales,50,0,1,1,2.3,0.9,3.41,93314.55,0.691
3/5/2025,Marketing,46,0,0,1,1.8,1.1,3.4,94360.67,0.656
3/5/2025,Finance,31,0,1,1,2.7,0.5,3.91,83952.13,0.754
3/5/2025,HR,119,1,0,1,2.4,1.1,3.35,83331.72,0.659
3/5/2025,Operations,70,0,1,1,3.0,1.0,3.19,92330.13,0.777
3/5/2025,Legal,106,1,0,1,1.7,1.1,3.33,98478.7,0.732
3/5/2025,IT,41,0,0,1,1.3,0.6,3.86,70821.64,0.724
3/5/2025,Customer_Success,48,1,0,1,2.4,0.9,3.39,95980.34,0.671
3/5/2025,Product,83,0,0,1,2.4,1.2,3.14,85860.35,0.72
3/5/2025,Data_Analytics,95,0,0,1,2.2,1.0,3.56,84572.82,0.798
3/5/2025,Supply_Chain,105,0,0,1,2.4,0.8,3.6,90190.31,0.685
3/5/2025,Quality_Assurance,30,1,0,1,2.3,1.1,3.54,91566.08,0.726
3/5/2025,Executive,43,0,0,1,2.7,0.9,3.32,73867.7,0.706
3/6/2025,Engineering,54,0,0,1,2.8,0.9,3.55,66073.93,0.717
3/6/2025,Sales,50,0,0,1,3.1,1.0,3.54,92898.92,0.712
3/6/2025,Marketing,46,1,0,1,2.5,0.8,3.77,94690.45,0.734
3/6/2025,Finance,31,2,0,2,3.0,0.9,3.3,83946.8,0.705
3/6/2025,HR,119,2,0,1,2.6,0.7,3.45,83298.08,0.749
3/6/2025,Operations,70,0,0,1,2.7,0.9,3.56,92329.94,0.731
3/6/2025,Legal,106,1,0,1,2.4,1.0,3.54,99065.76,0.725
3/6/2025,IT,41,0,0,1,1.6,1.1,3.91,70465.4,0.754
3/6/2025,Customer_Success,48,0,0,2,3.2,1.2,3.51,95961.18,0.682
3/6/2025,Product,83,0,0,1,1.8,1.0,3.44,85701.43,0.7
3/6/2025,Data_Analytics,95,0,0,1,1.5,1.0,3.52,84622.34,0.693
3/6/2025,Supply_Chain,105,0,0,1,2.3,1.0,3.99,90233.81,0.747
3/6/2025,Quality_Assurance,30,0,0,1,2.6,0.9,3.56,91860.68,0.781
3/6/2025,Executive,43,0,0,1,2.9,1.3,3.34,73615.77,0.83
3/7/2025,Engineering,54,0,0,1,2.5,1.2,3.78,65587.42,0.702
3/7/2025,Sales,50,0,0,1,3.0,0.9,3.54,92782.84,0.676
3/7/2025,Marketing,46,1,0,1,2.8,0.6,3.3,93936.51,0.742
3/7/2025,Finance,31,0,0,1,1.6,1.1,3.3,83565.37,0.713
3/7/2025,HR,119,0,0,1,1.4,0.9,3.34,83154.79,0.709
3/7/2025,Operations,70,0,0,1,2.5,1.0,3.58,92176.06,0.693
3/7/2025,Legal,106,2,2,2,2.2,0.9,3.43,98826.89,0.704
3/7/2025,IT,41,0,1,1,3.1,1.0,3.66,70123.54,0.758
3/7/2025,Customer_Success,48,0,0,1,2.5,1.3,3.35,96153.34,0.687
3/7/2025,Product,83,0,0,1,2.1,1.2,3.85,85834.69,0.627
3/7/2025,Data_Analytics,95,0,0,1,2.3,1.0,3.48,84862.48,0.721
3/7/2025,Supply_Chain,105,0,0,1,1.7,1.1,3.64,90194.35,0.734
3/7/2025,Quality_Assurance,30,0,0,0,2.4,1.1,3.42,91403.81,0.758
3/7/2025,Executive,43,0,1,1,1.0,0.9,3.23,73771.67,0.728
3/8/2025,Engineering,54,0,0,2,2.7,0.7,3.39,65732.04,0.749
3/8/2025,Sales,50,0,1,1,2.8,1.2,3.43,93335.29,0.652
3/8/2025,Marketing,46,0,0,1,2.2,0.9,3.46,94488.62,0.697
3/8/2025,Finance,31,1,0,1,2.1,1.3,3.39,84152.37,0.789
3/8/2025,HR,119,0,0,1,2.3,1.2,3.64,83432.23,0.686
3/8/2025,Operations,70,0,1,1,2.6,1.0,3.45,91790.51,0.761
3/8/2025,Legal,106,0,0,1,2.5,0.7,3.24,98626.4,0.613
3/8/2025,IT,41,0,0,0,1.6,1.0,3.89,70211.85,0.763
3/8/2025,Customer_Success,48,0,0,1,2.1,1.3,3.51,96163.28,0.685
3/8/2025,Product,83,0,0,1,2.2,1.0,3.41,86183.84,0.709
3/8/2025,Data_Analytics,95,0,0,1,2.0,1.1,3.53,84516.66,0.742
3/8/2025,Supply_Chain,105,0,0,1,3.3,1.4,3.23,90198.54,0.641
3/8/2025,Quality_Assurance,30,0,0,1,3.2,1.2,3.73,91500.22,0.703
3/8/2025,Executive,43,0,1,1,3.2,0.9,3.45,73800.36,0.745
3/9/2025,Engineering,54,2,0,1,2.6,0.8,3.47,65488.3,0.757
3/9/2025,Sales,50,0,1,1,2.6,1.1,3.14,93216.69,0.637
3/9/2025,Marketing,46,0,0,1,1.7,1.0,3.42,94017.73,0.747
3/9/2025,Finance,31,0,1,1,3.0,1.0,3.02,83921.2,0.793
3/9/2025,HR,119,1,0,1,1.8,0.8,3.69,83040.11,0.66
3/9/2025,Operations,70,0,0,1,3.5,1.0,3.78,92191.42,0.695
3/9/2025,Legal,106,0,0,1,2.7,1.0,3.29,98864.89,0.653
3/9/2025,IT,41,0,0,1,2.0,1.3,3.6,70758.29,0.712
3/9/2025,Customer_Success,48,1,0,1,1.8,1.1,3.62,96204.12,0.764
3/9/2025,Product,83,0,1,1,1.8,1.1,3.83,86009.64,0.769
3/9/2025,Data_Analytics,95,1,1,1,2.8,1.2,3.47,84659.74,0.747
3/9/2025,Supply_Chain,105,0,0,1,2.9,1.1,3.27,90435.23,0.719
3/9/2025,Quality_Assurance,30,0,0,1,1.8,0.8,3.43,91765.54,0.773
3/9/2025,Executive,43,0,0,1,1.2,1.0,3.72,74074.71,0.677
3/10/2025,Engineering,54,0,0,1,3.2,1.3,3.7,65518.51,0.762
3/10/2025,Sales,50,0,0,1,3.0,0.9,3.24,93012.04,0.739
3/10/2025,Marketing,46,1,0,1,2.4,1.1,3.28,94431.92,0.654
3/10/2025,Finance,31,1,0,1,2.6,0.6,3.38,83937.0,0.729
3/10/2025,HR,119,0,0,1,2.2,0.6,3.3,82890.23,0.756
3/10/2025,Operations,69,0,0,1,2.9,0.7,3.18,92315.12,0.726
3/10/2025,Legal,106,0,0,1,3.1,1.5,3.6,98659.8,0.594
3/10/2025,IT,41,0,0,1,2.8,1.3,3.46,70276.28,0.723
3/10/2025,Customer_Success,48,1,1,1,3.0,0.8,3.6,95747.33,0.739
3/10/2025,Product,83,0,0,2,3.2,1.2,3.65,86365.69,0.647
3/10/2025,Data_Analytics,95,0,0,1,3.2,0.8,3.4,84553.22,0.711
3/10/2025,Supply_Chain,105,1,0,1,2.3,0.8,3.59,90381.0,0.696
3/10/2025,Quality_Assurance,30,0,0,1,2.9,1.2,3.58,91636.48,0.687
3/10/2025,Executive,43,3,0,0,2.6,1.2,3.38,73627.58,0.667
3/11/2025,Engineering,54,1,0,1,2.5,1.4,3.43,65888.59,0.691
3/11/2025,Sales,50,0,0,1,2.5,1.2,3.14,92933.93,0.652
3/11/2025,Marketing,46,0,0,1,3.3,1.1,3.35,94394.8,0.679
3/11/2025,Finance,31,0,0,1,2.4,1.1,3.67,83940.65,0.704
3/11/2025,HR,119,0,0,0,2.5,0.8,3.58,82693.47,0.686
3/11/2025,Operations,70,0,0,1,2.5,1.1,3.69,92009.13,0.68
3/11/2025,Legal,106,1,0,1,2.4,0.8,3.13,98924.13,0.768
3/11/2025,IT,41,0,0,1,2.3,0.8,3.51,70419.28,0.724
3/11/2025,Customer_Success,48,0,0,1,2.5,1.0,3.83,95769.93,0.784
3/11/2025,Product,83,0,1,1,2.7,0.8,3.43,86223.03,0.765
3/11/2025,Data_Analytics,95,0,1,2,2.7,1.0,3.74,84448.93,0.77
3/11/2025,Supply_Chain,105,0,0,1,2.1,0.8,3.61,90136.34,0.706
3/11/2025,Quality_Assurance,30,0,0,1,2.5,0.6,3.44,91076.3,0.803
3/11/2025,Executive,43,2,0,1,2.3,1.4,3.41,73659.47,0.674
3/12/2025,Engineering,54,0,0,1,2.3,1.2,3.75,65505.09,0.824
3/12/2025,Sales,50,0,0,1,2.2,1.0,3.54,92848.9,0.709
3/12/2025,Marketing,46,0,0,1,2.3,1.1,3.53,94806.3,0.61
3/12/2025,Finance,31,0,0,1,2.4,1.0,3.35,83971.25,0.625
3/12/2025,HR,119,1,0,1,3.1,1.7,3.75,83009.91,0.75
3/12/2025,Operations,70,0,0,1,2.9,0.7,3.36,92118.39,0.723
3/12/2025,Legal,106,0,1,0,2.4,0.8,3.49,98788.16,0.711
3/12/2025,IT,41,1,1,1,1.6,1.0,3.24,70069.1,0.746
3/12/2025,Customer_Success,48,0,0,1,1.9,1.2,3.5,95755.78,0.729
3/12/2025,Product,83,0,0,1,2.5,1.2,3.32,86096.77,0.713
3/12/2025,Data_Analytics,95,0,0,1,2.6,1.0,3.47,84438.25,0.655
3/12/2025,Supply_Chain,105,0,0,1,2.9,1.0,3.39,90148.1,0.751
3/12/2025,Quality_Assurance,30,1,0,1,3.6,1.3,3.64,91477.26,0.628
3/12/2025,Executive,43,0,0,1,2.2,1.2,3.11,73739.33,0.677
3/13/2025,Engineering,54,0,0,1,2.5,0.9,3.41,65779.69,0.681
3/13/2025,Sales,50,0,0,1,2.7,0.9,3.53,92824.46,0.699
3/13/2025,Marketing,46,0,0,1,2.4,0.9,4.09,94208.58,0.617
3/13/2025,Finance,31,0,0,1,3.1,1.2,3.46,83774.89,0.728
3/13/2025,HR,119,0,1,1,2.6,1.2,3.61,83198.68,0.724
3/13/2025,Operations,70,0,0,1,2.7,1.0,3.44,92597.63,0.644
3/13/2025,Legal,106,0,0,2,2.0,0.9,3.5,98611.25,0.764
3/13/2025,IT,41,0,1,1,1.7,1.3,3.19,70137.54,0.74
3/13/2025,Customer_Success,48,1,0,1,2.3,1.1,3.59,95723.52,0.703
3/13/2025,Product,83,0,0,1,2.1,1.0,3.27,85673.08,0.675
3/13/2025,Data_Analytics,95,0,0,1,2.1,1.1,3.34,84329.8,0.7
3/13/2025,Supply_Chain,105,1,0,1,1.9,1.3,3.61,90082.04,0.691
3/13/2025,Quality_Assurance,30,1,0,2,3.1,1.2,3.63,91298.59,0.751
3/13/2025,Executive,43,1,0,1,3.3,0.7,3.87,73681.56,0.651
3/14/2025,Engineering,54,0,0,1,2.7,1.3,3.37,65754.89,0.654
3/14/2025,Sales,50,0,1,1,2.4,1.0,3.42,93181.2,0.673
3/14/2025,Marketing,46,0,0,1,2.5,0.6,3.52,93976.81,0.755
3/14/2025,Finance,31,0,1,1,2.1,0.8,3.87,83831.08,0.766
3/14/2025,HR,119,0,0,1,2.7,0.8,3.83,83071.25,0.696
3/14/2025,Operations,69,0,0,1,2.3,0.9,3.43,92093.47,0.753
3/14/2025,Legal,106,1,1,1,2.6,0.7,3.29,98343.3,0.712
3/14/2025,IT,41,1,0,1,2.1,0.9,3.5,70226.26,0.692
3/14/2025,Customer_Success,48,0,0,1,2.2,1.1,3.73,96532.6,0.696
3/14/2025,Product,83,1,0,1,1.2,1.0,3.46,86254.35,0.719
3/14/2025,Data_Analytics,95,1,0,1,2.4,1.2,3.1,84476.6,0.696
3/14/2025,Supply_Chain,105,0,0,1,2.3,1.3,3.29,90032.15,0.757
3/14/2025,Quality_Assurance,30,0,0,1,2.5,1.0,3.6,91243.56,0.685
3/14/2025,Executive,43,0,0,1,3.2,0.9,3.4,73345.06,0.719
3/15/2025,Engineering,54,1,0,1,3.1,1.2,3.73,66028.38,0.798
3/15/2025,Sales,50,0,0,1,3.2,1.2,3.89,93201.77,0.732
3/15/2025,Marketing,46,0,0,1,2.6,1.1,3.48,94570.71,0.585
3/15/2025,Finance,31,0,0,1,3.3,1.0,3.5,83952.32,0.719
3/15/2025,HR,119,1,0,1,2.3,0.9,3.6,83312.82,0.662
3/15/2025,Operations,70,1,0,1,3.3,1.2,3.65,92500.5,0.604
3/15/2025,Legal,106,0,1,1,2.5,0.9,3.39,98679.89,0.734
3/15/2025,IT,41,0,1,1,1.6,1.0,4.08,70642.49,0.692
3/15/2025,Customer_Success,48,0,1,1,2.4,1.0,3.73,95739.94,0.634
3/15/2025,Product,83,0,1,1,3.0,1.1,3.98,85833.69,0.739
3/15/2025,Data_Analytics,95,1,0,1,3.3,1.1,3.49,84653.49,0.733
3/15/2025,Supply_Chain,105,1,1,1,1.9,1.0,3.63,90469.15,0.63
3/15/2025,Quality_Assurance,30,0,0,1,2.1,0.6,3.66,91272.35,0.633
3/15/2025,Executive,43,0,0,2,2.0,1.0,3.26,73731.94,0.714
3/16/2025,Engineering,54,0,0,1,3.1,1.4,3.73,65551.13,0.73
3/16/2025,Sales,50,0,0,1,2.5,1.1,3.45,93407.82,0.757
3/16/2025,Marketing,46,2,0,1,2.8,1.2,2.89,94314.58,0.776
3/16/2025,Finance,31,0,0,0,2.7,0.6,3.73,84099.08,0.695
3/16/2025,HR,119,0,0,1,2.8,0.7,3.14,83109.71,0.708
3/16/2025,Operations,70,1,0,1,2.6,1.2,3.62,92088.66,0.758
3/16/2025,Legal,106,0,0,1,2.8,1.0,3.62,98520.13,0.72
3/16/2025,IT,41,0,2,1,2.3,1.2,3.54,70004.29,0.686
3/16/2025,Customer_Success,48,0,0,1,2.7,1.1,3.5,95850.41,0.666
3/16/2025,Product,83,1,0,1,4.0,0.7,3.48,85644.67,0.699
3/16/2025,Data_Analytics,95,0,1,1,1.8,0.9,3.42,84547.88,0.748
3/16/2025,Supply_Chain,105,0,0,1,2.2,1.2,3.76,90235.36,0.668
3/16/2025,Quality_Assurance,30,1,0,1,2.8,0.9,3.17,91500.16,0.682
3/16/2025,Executive,43,0,0,1,2.7,1.1,3.52,73285.4,0.785
3/17/2025,Engineering,54,2,0,1,3.0,0.6,3.3,65362.64,0.674
3/17/2025,Sales,50,1,0,1,2.7,0.7,3.39,93388.53,0.668
3/17/2025,Marketing,46,0,0,1,2.6,1.1,3.89,94330.16,0.719
3/17/2025,Finance,31,0,0,1,3.0,1.1,3.48,83508.03,0.716
3/17/2025,HR,119,0,0,1,2.1,1.1,3.59,83234.58,0.67
3/17/2025,Operations,70,1,0,1,3.4,0.8,3.62,92186.26,0.759
3/17/2025,Legal,106,0,0,1,1.7,1.1,3.45,98911.33,0.732
3/17/2025,IT,41,0,0,1,1.7,1.1,3.33,70074.73,0.669
3/17/2025,Customer_Success,48,0,1,1,2.2,1.0,3.71,96095.48,0.771
3/17/2025,Product,82,0,1,1,1.6,1.0,3.45,86114.64,0.773
3/17/2025,Data_Analytics,95,1,0,1,3.1,1.3,3.71,84493.33,0.613
3/17/2025,Supply_Chain,105,0,0,1,2.5,0.8,3.24,90556.38,0.67
3/17/2025,Quality_Assurance,30,0,0,1,2.7,1.1,3.77,91492.97,0.629
3/17/2025,Executive,43,0,0,1,2.4,1.0,3.72,73682.29,0.73
3/18/2025,Engineering,54,0,0,1,2.6,1.3,3.19,65444.39,0.758
3/18/2025,Sales,50,0,0,1,2.0,0.8,3.54,93266.9,0.662
3/18/2025,Marketing,46,1,0,1,3.2,0.9,3.44,93998.04,0.685
3/18/2025,Finance,31,0,0,1,3.5,0.9,3.18,83597.4,0.684
3/18/2025,HR,119,0,0,1,2.7,1.4,3.43,82769.7,0.771
3/18/2025,Operations,70,0,0,1,2.4,0.8,3.5,92216.46,0.722
3/18/2025,Legal,106,0,0,1,2.6,0.8,3.06,98901.09,0.675
3/18/2025,IT,41,1,0,2,2.8,1.0,3.57,69981.17,0.664
3/18/2025,Customer_Success,48,0,0,1,2.5,0.7,3.45,96324.05,0.726
3/18/2025,Product,83,0,0,1,1.6,0.8,3.24,85936.96,0.729
3/18/2025,Data_Analytics,95,0,0,1,2.4,1.6,3.39,84327.66,0.669
3/18/2025,Supply_Chain,105,1,1,1,2.3,1.1,3.96,90032.8,0.711
3/18/2025,Quality_Assurance,30,0,0,1,2.3,1.4,3.58,91163.91,0.702
3/18/2025,Executive,43,0,0,1,2.1,1.1,3.75,74028.1,0.747
3/19/2025,Engineering,54,0,0,1,2.8,0.8,3.49,65839.56,0.732
3/19/2025,Sales,50,0,0,1,2.5,0.9,3.46,93659.66,0.73
3/19/2025,Marketing,46,0,1,1,2.6,1.2,3.76,94422.95,0.715
3/19/2025,Finance,31,1,0,1,2.9,0.8,3.41,83785.48,0.721
3/19/2025,HR,119,0,0,1,2.1,1.2,3.08,83090.85,0.695
3/19/2025,Operations,70,0,0,1,3.0,1.1,3.27,91877.15,0.765
3/19/2025,Legal,106,0,0,1,3.8,0.9,3.59,98629.75,0.747
3/19/2025,IT,41,0,0,1,1.9,1.2,3.39,69835.97,0.808
3/19/2025,Customer_Success,48,0,0,1,2.4,0.8,3.17,95874.94,0.738
3/19/2025,Product,83,0,0,1,2.7,1.0,3.89,85968.46,0.672
3/19/2025,Data_Analytics,95,0,0,1,1.9,0.7,3.55,84842.95,0.724
3/19/2025,Supply_Chain,105,0,0,1,2.6,1.3,3.61,90448.41,0.696
3/19/2025,Quality_Assurance,30,0,0,1,1.4,1.0,3.48,91081.02,0.754
3/19/2025,Executive,43,2,0,1,2.3,1.4,3.66,73556.94,0.651
3/20/2025,Engineering,54,1,0,1,2.9,1.1,3.38,65951.64,0.694
3/20/2025,Sales,50,0,0,1,3.1,1.3,3.35,92390.44,0.773
3/20/2025,Marketing,46,0,1,1,2.6,1.3,3.6,94288.68,0.701
3/20/2025,Finance,31,0,0,1,2.6,1.1,3.43,83578.44,0.679
3/20/2025,HR,119,0,0,1,2.2,0.9,3.66,83018.29,0.697
3/20/2025,Operations,70,0,0,1,2.3,1.2,3.3,91796.56,0.784
3/20/2025,Legal,106,1,0,1,2.9,1.2,3.72,98533.88,0.786
3/20/2025,IT,41,0,0,1,2.7,1.0,3.66,70395.63,0.691
3/20/2025,Customer_Success,48,0,0,1,2.9,0.9,3.82,95591.41,0.71
3/20/2025,Product,83,0,0,1,2.5,0.8,3.13,85577.34,0.692
3/20/2025,Data_Analytics,95,1,0,1,3.4,0.6,3.34,84338.72,0.727
3/20/2025,Supply_Chain,105,0,1,1,2.5,1.1,3.35,89966.24,0.688
3/20/2025,Quality_Assurance,30,0,1,1,1.9,0.7,3.39,91843.67,0.816
3/20/2025,Executive,43,0,1,1,2.8,1.2,3.46,73845.73,0.686
3/21/2025,Engineering,54,1,1,1,1.8,0.8,3.45,65498.27,0.699
3/21/2025,Sales,50,1,0,1,2.2,1.0,3.65,93333.2,0.714
3/21/2025,Marketing,46,2,0,1,2.2,0.8,3.71,94106.35,0.67
3/21/2025,Finance,31,1,0,1,2.5,1.2,3.37,83424.36,0.686
3/21/2025,HR,119,1,0,1,3.4,0.7,3.25,82959.01,0.757
3/21/2025,Operations,70,0,0,1,2.5,0.9,3.56,91935.0,0.709
3/21/2025,Legal,106,0,0,1,3.1,1.1,3.4,99042.97,0.744
3/21/2025,IT,41,0,0,1,2.4,1.0,3.56,70479.2,0.777
3/21/2025,Customer_Success,48,0,0,1,3.3,0.9,3.69,95976.5,0.735
3/21/2025,Product,83,0,0,1,2.5,1.2,3.78,85873.82,0.74
3/21/2025,Data_Analytics,95,1,0,1,2.4,1.0,3.92,84117.9,0.745
3/21/2025,Supply_Chain,105,0,0,1,2.9,1.0,3.72,90566.88,0.76
3/21/2025,Quality_Assurance,30,1,0,1,1.5,1.0,3.56,91124.53,0.773
3/21/2025,Executive,43,1,0,1,2.7,0.9,3.21,73744.92,0.671
3/22/2025,Engineering,54,0,0,0,2.7,1.3,3.33,65778.67,0.699
3/22/2025,Sales,50,2,1,1,3.0,1.1,3.29,92763.22,0.673
3/22/2025,Marketing,46,0,0,1,2.1,1.2,3.39,94401.06,0.643
3/22/2025,Finance,31,0,0,1,1.3,0.9,3.47,84224.84,0.661
3/22/2025,HR,119,0,0,1,2.6,0.7,3.41,83424.39,0.745
3/22/2025,Operations,70,0,0,1,2.2,1.3,3.77,92142.19,0.679
3/22/2025,Legal,106,1,0,1,3.1,1.1,3.36,98623.33,0.735
3/22/2025,IT,41,0,0,1,1.9,1.1,3.42,70343.35,0.763
3/22/2025,Customer_Success,48,0,0,1,2.3,0.7,3.77,95839.29,0.745
3/22/2025,Product,83,0,1,1,2.2,1.0,3.72,86178.13,0.646
3/22/2025,Data_Analytics,95,0,0,1,3.1,1.1,3.21,84478.94,0.876
3/22/2025,Supply_Chain,105,0,0,1,2.9,1.3,3.55,90563.51,0.677
3/22/2025,Quality_Assurance,30,0,0,1,2.2,1.0,3.16,90863.31,0.762
3/22/2025,Executive,43,0,0,1,2.7,1.4,3.6,73789.58,0.733
3/23/2025,Engineering,54,0,0,1,2.6,0.9,3.42,66215.11,0.775
3/23/2025,Sales,50,0,0,1,2.3,0.6,3.52,93160.33,0.769
3/23/2025,Marketing,46,0,0,1,3.6,1.0,3.65,94236.48,0.755
3/23/2025,Finance,31,0,3,1,3.3,1.0,3.7,83952.7,0.725
3/23/2025,HR,119,2,0,1,3.1,0.9,3.08,82985.28,0.746
3/23/2025,Operations,70,0,1,1,2.8,1.0,3.61,92092.43,0.675
3/23/2025,Legal,106,0,0,1,2.0,0.8,3.41,98848.36,0.714
3/23/2025,IT,41,0,0,0,2.4,1.5,3.86,70150.57,0.727
3/23/2025,Customer_Success,48,1,0,1,2.6,1.1,3.43,95921.39,0.665
3/23/2025,Product,83,0,0,1,1.6,1.0,3.25,86342.39,0.69
3/23/2025,Data_Analytics,95,1,0,1,2.6,1.1,3.23,84656.1,0.696
3/23/2025,Supply_Chain,105,0,0,1,2.8,1.2,3.8,90270.38,0.727
3/23/2025,Quality_Assurance,30,0,1,1,1.9,1.1,3.79,91021.81,0.772
3/23/2025,Executive,43,0,0,1,2.5,1.2,3.16,73738.68,0.724
3/24/2025,Engineering,54,1,0,1,3.2,1.0,3.39,65700.35,0.691
3/24/2025,Sales,50,0,0,1,2.1,1.0,3.55,92932.2,0.713
3/24/2025,Marketing,46,0,1,1,3.1,0.9,3.55,94811.42,0.72
3/24/2025,Finance,31,0,0,1,2.1,1.3,3.38,83726.03,0.665
3/24/2025,HR,119,0,0,1,2.2,1.2,3.59,82977.88,0.696
3/24/2025,Operations,70,1,0,1,1.7,1.1,3.54,92279.97,0.773
3/24/2025,Legal,106,0,0,1,2.8,1.0,3.63,98544.48,0.738
3/24/2025,IT,41,1,0,1,1.9,1.2,2.92,70511.51,0.626
3/24/2025,Customer_Success,48,0,0,1,1.5,0.9,3.4,96275.6,0.741
3/24/2025,Product,83,0,0,1,2.0,0.9,3.45,85845.06,0.633
3/24/2025,Data_Analytics,95,0,0,1,2.6,1.4,3.5,84777.78,0.69
3/24/2025,Supply_Chain,105,1,0,1,2.1,1.0,3.64,90090.5,0.774
3/24/2025,Quality_Assurance,30,1,0,1,3.4,1.1,3.72,91118.26,0.714
3/24/2025,Executive,43,0,1,1,2.2,0.8,3.85,73862.5,0.738
3/25/2025,Engineering,54,0,0,1,2.8,1.2,3.35,65493.17,0.724
3/25/2025,Sales,50,0,0,1,3.5,0.6,3.96,93006.34,0.738
3/25/2025,Marketing,46,0,0,1,1.5,1.0,3.67,94305.22,0.78
3/25/2025,Finance,31,0,0,1,2.5,1.0,3.52,83242.57,0.71
3/25/2025,HR,119,0,0,1,2.4,0.8,3.37,83574.41,0.684
3/25/2025,Operations,70,0,0,1,3.0,1.3,3.51,91515.62,0.722
3/25/2025,Legal,106,0,0,1,2.0,0.8,3.87,99233.73,0.72
3/25/2025,IT,41,0,0,1,1.7,1.1,3.6,70480.61,0.802
3/25/2025,Customer_Success,48,0,0,1,2.1,1.1,3.63,95962.83,0.675
3/25/2025,Product,83,0,0,1,2.7,1.2,3.33,85836.12,0.797
3/25/2025,Data_Analytics,95,0,0,1,3.2,1.2,3.5,84334.62,0.816
3/25/2025,Supply_Chain,105,2,0,1,2.0,1.1,3.66,90873.22,0.682
3/25/2025,Quality_Assurance,30,1,0,1,2.0,1.0,3.69,91450.13,0.694
3/25/2025,Executive,43,1,0,1,1.7,0.9,3.53,73971.39,0.786
3/26/2025,Engineering,54,0,0,1,2.8,0.8,3.49,66475.08,0.735
3/26/2025,Sales,50,0,0,1,3.5,1.2,3.57,92969.96,0.705
3/26/2025,Marketing,46,0,0,2,2.6,1.1,3.72,94464.27,0.758
3/26/2025,Finance,31,0,0,1,2.2,0.9,3.75,83730.68,0.699
3/26/2025,HR,119,0,0,1,2.6,1.1,3.73,83551.17,0.794
3/26/2025,Operations,70,1,0,1,2.9,1.1,3.48,92167.13,0.784
3/26/2025,Legal,106,0,1,1,2.6,1.1,3.22,98689.75,0.732
3/26/2025,IT,41,0,0,1,2.5,1.1,3.33,70311.8,0.743
3/26/2025,Customer_Success,48,0,0,1,1.8,0.9,3.83,95597.01,0.705
3/26/2025,Product,83,1,0,1,3.3,0.9,3.35,85654.84,0.724
3/26/2025,Data_Analytics,95,0,0,1,2.3,1.1,3.18,84560.88,0.66
3/26/2025,Supply_Chain,105,0,0,1,4.1,0.8,3.73,89929.33,0.707
3/26/2025,Quality_Assurance,30,1,0,1,2.2,1.0,3.66,91055.41,0.683
3/26/2025,Executive,43,1,0,1,2.0,1.1,3.44,73662.12,0.716
3/27/2025,Engineering,54,0,0,1,1.0,0.9,3.28,66076.2,0.697
3/27/2025,Sales,50,0,0,1,2.5,0.9,3.41,92828.28,0.663
3/27/2025,Marketing,46,0,0,1,2.9,1.2,3.56,94503.18,0.83
3/27/2025,Finance,31,1,0,1,2.0,0.9,3.44,84108.41,0.655
3/27/2025,HR,119,1,0,1,2.7,0.7,3.33,83160.83,0.605
3/27/2025,Operations,70,0,0,1,2.0,0.6,3.53,91919.79,0.652
3/27/2025,Legal,106,1,0,0,2.8,0.7,3.51,98620.15,0.701
3/27/2025,IT,41,0,0,1,2.6,0.6,3.43,70315.68,0.781
3/27/2025,Customer_Success,48,0,0,1,2.4,1.2,3.16,95543.03,0.605
3/27/2025,Product,83,1,0,1,2.4,1.3,3.84,86146.35,0.735
3/27/2025,Data_Analytics,95,0,0,1,2.1,1.0,3.27,84762.24,0.747
3/27/2025,Supply_Chain,105,1,0,1,2.2,1.3,3.54,90222.64,0.679
3/27/2025,Quality_Assurance,30,0,0,1,2.7,0.5,3.25,91502.1,0.702
3/27/2025,Executive,43,0,0,1,2.7,0.9,3.53,73426.83,0.714
3/28/2025,Engineering,54,2,0,1,2.7,1.4,3.55,65966.77,0.702
3/28/2025,Sales,50,0,0,1,1.6,1.2,3.51,93010.54,0.638
3/28/2025,Marketing,46,0,0,1,2.1,1.0,3.23,94381.42,0.739
3/28/2025,Finance,31,1,0,1,2.3,1.4,3.31,84076.1,0.661
3/28/2025,HR,119,1,0,1,2.2,1.1,3.29,83158.98,0.645
3/28/2025,Operations,70,0,0,1,1.9,0.9,3.32,91689.1,0.775
3/28/2025,Legal,106,0,0,1,2.1,1.3,3.33,98920.17,0.772
3/28/2025,IT,41,0,0,1,2.1,1.2,3.41,70395.97,0.65
3/28/2025,Customer_Success,48,0,0,1,2.7,0.9,3.31,95954.99,0.668
3/28/2025,Product,83,0,0,1,2.7,1.0,3.17,85726.64,0.772
3/28/2025,Data_Analytics,95,0,0,1,2.1,0.8,3.7,84088.28,0.678
3/28/2025,Supply_Chain,105,0,0,1,3.3,0.7,3.55,90389.14,0.675
3/28/2025,Quality_Assurance,30,0,0,1,2.7,0.9,3.73,91385.42,0.783
3/28/2025,Executive,43,0,0,1,2.6,0.5,3.3,74028.89,0.658
3/29/2025,Engineering,54,1,0,1,3.7,0.8,3.35,65595.59,0.78
3/29/2025,Sales,50,0,0,1,2.0,0.7,3.73,93063.59,0.643
3/29/2025,Marketing,46,2,0,1,2.0,0.8,3.41,94742.5,0.707
3/29/2025,Finance,31,1,0,1,2.5,1.6,3.68,83590.4,0.738
3/29/2025,HR,119,0,1,1,3.0,1.1,3.67,83221.3,0.727
3/29/2025,Operations,70,0,0,1,2.4,1.3,3.5,92005.3,0.745
3/29/2025,Legal,106,0,0,1,3.4,1.2,3.38,98971.78,0.736
3/29/2025,IT,41,0,0,1,2.5,0.8,3.61,70456.58,0.784
3/29/2025,Customer_Success,48,0,0,1,3.0,1.2,3.75,95999.44,0.695
3/29/2025,Product,83,0,0,1,2.8,0.8,3.88,85988.8,0.664
3/29/2025,Data_Analytics,95,1,2,1,2.7,1.1,3.65,84364.11,0.757
3/29/2025,Supply_Chain,105,1,0,1,1.8,1.2,3.41,90282.33,0.688
3/29/2025,Quality_Assurance,30,0,0,1,2.3,1.1,3.54,91420.52,0.731
3/29/2025,Executive,43,0,0,1,3.7,1.0,3.54,73848.04,0.7
3/30/2025,Engineering,54,0,0,1,1.8,1.4,3.66,65953.01,0.633
3/30/2025,Sales,50,3,0,1,2.7,0.8,3.7,92807.42,0.66
3/30/2025,Marketing,46,0,0,1,2.5,0.8,3.37,94218.15,0.651
3/30/2025,Finance,31,1,1,1,3.4,0.8,3.59,83857.1,0.774
3/30/2025,HR,119,0,0,1,2.5,1.0,3.48,82840.25,0.781
3/30/2025,Operations,70,0,0,1,1.9,0.6,3.37,91906.98,0.649
3/30/2025,Legal,106,2,1,1,2.7,1.4,3.33,98147.48,0.668
3/30/2025,IT,41,1,0,1,1.8,1.1,3.41,70227.52,0.682
3/30/2025,Customer_Success,48,0,1,1,1.9,0.9,3.42,96386.6,0.652
3/30/2025,Product,83,0,0,1,2.3,0.9,3.66,86376.4,0.789
3/30/2025,Data_Analytics,95,1,0,1,3.1,1.0,3.49,84244.76,0.723
3/30/2025,Supply_Chain,105,0,0,1,3.4,1.1,3.79,90424.96,0.775
3/30/2025,Quality_Assurance,30,0,0,1,2.5,1.0,3.45,91258.79,0.802
3/30/2025,Executive,43,0,0,1,2.0,0.9,3.61,73641.55,0.717
3/31/2025,Engineering,54,0,0,1,2.3,0.9,3.89,65394.88,0.733
3/31/2025,Sales,50,0,1,1,1.2,0.9,3.48,92748.28,0.796
3/31/2025,Marketing,46,1,0,1,3.8,1.2,3.72,94747.83,0.733
3/31/2025,Finance,31,0,0,1,1.6,1.1,3.19,83468.3,0.729
3/31/2025,HR,119,0,0,1,2.0,1.2,3.48,83236.44,0.659
3/31/2025,Operations,70,0,0,1,2.2,0.8,3.37,91669.72,0.714
3/31/2025,Legal,106,0,0,1,3.0,0.9,3.38,98611.52,0.663
3/31/2025,IT,41,0,0,1,3.1,0.7,3.63,70414.43,0.697
3/31/2025,Customer_Success,48,1,0,1,2.1,0.7,3.44,95802.41,0.653
3/31/2025,Product,83,1,0,1,2.5,0.8,3.37,85899.7,0.731
3/31/2025,Data_Analytics,95,0,0,1,2.6,1.5,3.42,84604.14,0.861
3/31/2025,Supply_Chain,105,0,0,1,1.9,1.1,3.41,90235.04,0.648
3/31/2025,Quality_Assurance,30,0,0,1,2.3,1.0,3.67,91504.2,0.611
3/31/2025,Executive,43,0,0,1,1.6,1.0,3.23,73659.51,0.729
